コード,名称,株価
1301,極洋,3265
1332,日本水産,628
1333,マルハニチロ,3295
1352,ホウスイ,1239
1376,カネコ種苗,1560
1377,サカタのタネ,3150
1379,ホクト,1963
1380,秋川牧園,612
1381,アクシーズ,3610
1382,ホーブ,990
1383,ベルグアース,1403
1384,ホクリヨウ,1064
1400,ルーデン・ホールディングス,224
1401,エムビーエス,607
1407,ウエストホールディングス,779
1408,サムシングホールディングス,492
1413,桧家ホールディングス,2285
1414,ショーボンドホールディングス,6390
1417,ミライト・ホールディングス,1356
1418,インターライフホールディングス,270
1419,タマホーム,740
1420,サンヨーホームズ,790
1429,日本アクア,474
1430,ファーストコーポレーション,1284
1431,エスケーホーム,1230
1433,ベステラ,2009
1434,JESCOホールディングス,460
1435,インベスターズクラウド,6610
1436,フィット,1217
1438,岐阜造園,1315
1439,安江工務店,1534
1491,中外鉱業,31
1514,住石ホールディングス,116
1515,日鉄鉱業,8170
1518,三井松島産業,1505
1605,国際石油開発帝石,1212
1606,日本海洋掘削,2156
1662,石油資源開発,2460
1663,K＆Oエナジーグループ,1816
1711,省電舎ホールディングス,707
1712,ダイセキ環境ソリューション,1342
1716,第一カッター興業,1336
1717,明豊ファシリティワークス,361
1718,美樹工業,4545
1719,安藤・間,785
1720,東急建設,910
1721,コムシスホールディングス,2670
1722,ミサワホーム,947
1723,日本電技,3010
1724,シンクレイヤ,456
1726,ビーアールホールディングス,401
1728,ミサワホーム中国,291
1730,麻生フオームクリート,385
1734,北弘電社,4000
1736,オーテック,1473
1737,三井金属エンジニアリング,1283
1738,NITTOH,570
1739,シード平和,2034
1743,コーアツ工業,2773
1757,クレアホールディングス,27
1758,太洋基礎工業,1049
1762,高松コンストラクショングループ,3115
1764,工藤建設,236
1766,東建コーポレーション,13270
1768,ソネック,882
1770,藤田エンジニアリング,704
1771,日本乾溜工業,518
1773,ワイ・ティー・エル・コーポレーション・バーハッド,38
1775,富士古河E＆C,385
1776,三井住建道路,306
1777,川崎設備工業,460
1780,ヤマウラ,953
1782,常磐開発,7300
1783,アジアゲートホールディングス,81
1787,ナカボーテック,1389
1788,三東工業社,202
1789,山加電業,625
1793,大本組,4630
1795,マサル,544
1798,守谷商会,2003
1799,第一建設工業,1400
1801,大成建設,5810
1802,大林組,1362
1803,清水建設,1249
1805,飛島建設,162
1807,佐藤渡辺,2525
1808,長谷工コーポレーション,1476
1810,松井建設,997
1811,錢高組,5330
1812,鹿島建設,1103
1813,不動テトラ,187
1814,大末建設,984
1815,鉄建建設,3660
1820,西松建設,3235
1821,三井住友建設,641
1822,大豊建設,533
1824,前田建設工業,1352
1826,佐田建設,470
1827,ナカノフドー建設,617
1828,田辺工業,990
1832,北海電気工事,532
1833,奥村組,4245
1835,東鉄工業,3710
1840,土屋ホールディングス,204
1841,サンユー建設,990
1844,大盛工業,224
1846,鈴縫工業,304
1847,イチケン,2643
1848,富士ピー・エス,514
1850,南海辰村建設,62
1852,淺沼組,338
1853,森組,195
1860,戸田建設,876
1861,熊谷組,3430
1865,青木あすなろ建設,993
1866,北野建設,451
1867,植木組,2737
1868,三井ホーム,735
1869,名工建設,1020
1870,矢作建設工業,970
1871,ピーエス三菱,636
1873,日本ハウスホールディングス,634
1878,大東建託,20680
1879,新日本建設,866
1881,NIPPO,2390
1882,東亜道路工業,4225
1883,前田道路,2410
1884,日本道路,6320
1885,東亜建設工業,2258
1888,若築建設,1934
1890,東洋建設,520
1892,徳倉建設,3090
1893,五洋建設,704
1897,金下建設,697
1898,世紀東急工業,656
1899,福田組,6280
1904,大成温調,1612
1905,テノックス,1195
1906,細田工務店,146
1909,日本ドライケミカル,2394
1911,住友林業,1762
1914,日本基礎技術,393
1916,日成ビルド工業,1213
1919,ヤマダ・エスバイエルホーム,87
1921,巴コーポレーション,421
1925,大和ハウス工業,3908
1926,ライト工業,1119
1928,積水ハウス,1889.5
1929,日特建設,580
1930,北陸電気工事,978
1931,日本電通,3695
1933,SYSKEN,1793
1934,ユアテック,875
1935,TTK,520
1936,シーキューブ,560
1937,西部電気工業,2484
1938,日本リーテック,1234
1939,四電工,3135
1941,中電工,3225
1942,関電工,1168
1944,きんでん,1797
1945,東京エネシス,1221
1946,トーエネック,3470
1948,弘電社,3790
1949,住友電設,2061
1950,日本電設工業,2361
1951,協和エクシオ,2211
1952,新日本空調,1618
1954,日本工営,3760
1956,NDS,3545
1959,九電工,4345
1960,サンテック,872
1961,三機工業,1265
1963,日揮,1831
1964,中外炉工業,2227
1965,テクノ菱和,800
1966,高田工業所,695
1967,ヤマト,709
1968,太平電業,2928
1969,高砂熱学工業,1859
1971,中央ビルト工業,1295
1972,三晃金属工業,3490
1973,NECネッツエスアイ,2654
1975,朝日工業社,3345
1976,明星工業,752
1979,大氣社,3025
1980,ダイダン,2758
1981,協和日成,714
1982,日比谷総合設備,2354
1983,東芝プラントシステム,1893
1984,三信建設工業,348
1987,ソルコム,1945
1989,北陸電話工事,356
1992,神田通信機,2010
1994,高橋カーテンウォール工業,665
1997,暁飯島工業,1294
1999,サイタホールディングス,190
2001,日本製粉,1718
2002,日清製粉グループ本社,1895
2003,日東富士製粉,4000
2004,昭和産業,2937
2008,増田製粉所,3735
2009,鳥越製粉,870
2053,中部飼料,1993
2055,日和産業,300
2058,ヒガシマル,1045
2060,フィード・ワン,259
2107,東洋精糖,1232
2108,日本甜菜製糖,2417
2109,三井製糖,3775
2112,塩水港精糖,260
2114,フジ日本精糖,584
2117,日新製糖,2002
2120,LIFULL,953
2121,ミクシィ,5470
2122,インタースペース,2034
2124,ジェイエイシーリクルートメント,1739
2127,日本M＆Aセンター,5370
2130,メンバーズ,673
2134,燦キャピタルマネージメント,88
2136,ヒップ,1139
2137,光ハイツ・ヴェラス,900
2138,クルーズ,2375
2139,中広,807
2144,やまねメディカル,239
2146,UTグループ,2210
2148,アイティメディア,650
2150,ケアネット,858
2151,タケエイ,1221
2152,幼児活動研究会,1870
2153,E・Jホールディングス,1118
2154,トラスト・テック,3145
2156,セーラー広告,345
2157,コシダカホールディングス,3365
2158,FRONTEO,657
2159,フルスピード,1056
2160,ジーエヌアイグループ,405
2162,nmsホールディングス,1347
2163,アルトナー,1438
2164,地域新聞社,423
2168,パソナグループ,1219
2169,CDS,1317
2170,リンクアンドモチベーション,682
2172,インサイト,334
2173,博展,651
2174,GCA,1030
2175,エス・エム・エス,3600
2176,イナリサーチ,718
2178,トライステージ,609
2179,成学社,976
2180,サニーサイドアップ,787
2181,パーソルホールディングス,2610
2183,リニカル,1508
2185,シイエム・シイ,4155
2186,ソーバル,1090
2191,テラ,504
2193,クックパッド,784
2195,アミタホールディングス,1135
2196,エスクリ,850
2198,アイ・ケイ・ケイ,874
2201,森永製菓,6250
2204,中村屋,5070
2206,江崎グリコ,5960
2207,名糖産業,1496
2208,ブルボン,2418
2209,井村屋グループ,2050
2211,不二家,2541
2212,山崎製パン,2020
2215,第一屋製パン,1211
2216,カンロ,3050
2217,モロゾフ,7330
2218,日糧製パン,2120
2220,亀田製菓,4955
2221,岩塚製菓,5230
2222,寿スピリッツ,3970
2224,コモ,2387
2226,湖池屋,4850
2228,シベール,2905
2229,カルビー,3940
2264,森永乳業,4235
2266,六甲バター,2382
2267,ヤクルト本社,8130
2268,B-Rサーティワンアイスクリーム,4055
2269,明治ホールディングス,8890
2270,雪印メグミルク,3035
2281,プリマハム,745
2282,日本ハム,3075
2286,林兼産業,909
2288,丸大食品,534
2291,福留ハム,2250
2292,S　Foods,4350
2293,滝沢ハム,3380
2294,柿安本店,1960
2296,伊藤ハム米久ホールディングス,1016
2300,きょくとう,677
2301,学情,1317
2303,ドーン,1385
2304,CSSホールディングス,402
2305,スタジオアリス,2747
2307,クロスキャット,810
2309,シミックホールディングス,1561
2311,エプコ,3250
2315,カイカ,73
2317,システナ,2824
2321,ソフトフロントホールディングス,195
2323,fonfun,419
2325,NJS,1397
2326,デジタルアーツ,4700
2327,新日鉄住金ソリューションズ,2487
2329,東北新社,739
2330,フォーサイド,318
2331,綜合警備保障,5160
2332,クエスト,874
2335,キューブシステム,848
2337,いちご,379
2338,ファステップス,637
2340,極楽湯ホールディングス,781
2341,アルバイトタイムス,221
2342,トランスジェニック,651
2344,平安レイサービス,956
2345,アイスタディ,1330
2349,エヌアイデイ,3430
2351,ASJ,2380
2352,エイジア,1185
2353,日本駐車場開発,165
2354,安川情報システム,612
2359,コア,1892
2362,夢真ホールディングス,765
2370,メディネット,127
2371,カカクコム,1415
2372,アイロムグループ,1624
2373,ケア21,3990
2374,セントケア・ホールディング,2250
2375,スリープログループ,1015
2376,サイネックス,1033
2378,ルネサンス,1730
2379,ディップ,2561
2384,SBSホールディングス,863
2385,総医研ホールディングス,570
2388,ウェッジホールディングス,577
2389,オプトホールディング,1193
2391,プラネット,2195
2393,日本ケアサプライ,1229
2395,新日本科学,544
2397,DNAチップ研究所,1400
2398,ツクイ,762
2402,アマナ,930
2404,鉄人化計画,381
2405,フジコー,475
2406,アルテサロンホールディングス,813
2408,KG情報,802
2410,キャリアデザインセンター,1626
2411,ゲンダイエージェンシー,563
2412,ベネフィット・ワン,2219
2413,エムスリー,3215
2415,ヒューマンホールディングス,1675
2417,ツヴァイ,795
2418,ツカダ・グローバルホールディング,563
2424,ブラス,1045
2425,ケアサービス,1185
2427,アウトソーシング,1479
2428,ウェルネット,1180
2429,ワールドホールディングス,3395
2432,ディー・エヌ・エー,2523
2433,博報堂DYホールディングス,1479
2435,シダー,310
2436,共同ピーアール,1199
2437,シンワアートオークション,452
2438,アスカネット,1801
2440,ぐるなび,1646
2445,エスアールジータカミヤ,644
2449,プラップジャパン,1607
2453,ジャパンベストレスキューシステム,425
2454,オールアバウト,1680
2458,夢テクノロジー,932
2459,アウンコンサルティング,334
2461,ファンコミュニケーションズ,1242
2462,ライク,1938
2464,ビジネス・ブレークスルー,433
2467,バルクホールディングス,131
2468,フュートレック,921
2469,ヒビノ,2039
2471,エスプール,3085
2475,WDBホールディングス,2627
2477,比較.com,1777
2479,ジェイテック,222
2480,システム・ロケーション,1300
2481,タウンニュース社,416
2483,翻訳センター,3750
2484,夢の街創造委員会,1765
2485,ティア,845
2487,CDG,1818
2488,日本サード・パーティ,1029
2489,アドウェイズ,496
2491,バリューコマース,730
2492,インフォマート,779
2493,イーサポートリンク,1157
2497,ユナイテッド,2865
2498,ACKグループ,1323
2499,日本和装ホールディングス,293
2501,サッポロホールディングス,3070
2502,アサヒグループホールディングス,4556
2503,キリンホールディングス,2649.5
2531,宝ホールディングス,1029
2533,オエノンホールディングス,312
2538,ジャパン・フード＆リカー・アライアンス,47
2540,養命酒製造,2240
2551,マルサンアイ,3700
2573,北海道コカ・コーラボトリング,717
2579,コカ・コーラボトラーズジャパン,3680
2586,フルッタフルッタ,778
2587,サントリー食品インターナショナル,5010
2588,プレミアムウォーターホールディングス,1293
2590,ダイドーグループホールディングス,5370
2593,伊藤園,3810
2594,キーコーヒー,2171
2597,ユニカフェ,1040
2599,ジャパンフーズ,1395
2602,日清オイリオグループ,3725
2607,不二製油グループ本社,2939
2608,ボーソー油脂,1692
2612,かどや製油,5750
2613,J-オイルミルズ,3950
2651,ローソン,7400
2652,まんだらけ,626
2653,イオン九州,1780
2654,アスモ,733
2655,マックスバリュ東北,1296
2656,ベクター,558
2659,サンエー,5050
2664,カワチ薬品,2688
2666,オートウェーブ,119
2667,イメージワン,385
2668,タビオ,1054
2669,カネ美食品,3370
2670,エービーシー・マート,5940
2673,夢みつけ隊,149
2674,ハードオフコーポレーション,1134
2675,ダイナック,1707
2676,高千穂交易,1110
2678,アスクル,3125
2681,ゲオホールディングス,1615
2683,魚喜,1477
2685,アダストリア,2500
2686,ジーフット,736
2687,シー・ヴイ・エス・ベイエリア,708
2689,カワニシホールディングス,1571
2692,伊藤忠食品,5120
2693,YKT,481
2694,ジー・テイスト,84
2695,くらコーポレーション,5010
2698,キャンドゥ,1805
2700,木徳神糧,682
2702,日本マクドナルドホールディングス,4975
2703,日本ライトン,296
2705,大戸屋ホールディングス,2032
2706,ブロッコリー,645
2708,久世,881
2714,プラマテルズ,828
2715,エレマテック,2122
2719,キタムラ,725
2721,ジェイホールディングス,741
2722,アイケイ,6580
2726,パルグループホールディングス,3530
2729,JALUX,2622
2730,エディオン,1043
2733,あらた,4830
2734,サーラコーポレーション,946
2735,ワッツ,1247
2736,サダマツ,240
2737,トーメンデバイス,2922
2742,ハローズ,2395
2743,ピクセルカンパニーズ,267
2747,北雄ラッキー,600
2749,JPホールディングス,379
2750,石光商事,419
2751,テンポスバスターズ,1953
2752,フジオフードシステム,1763
2753,あみやき亭,4765
2754,東葛ホールディングス,496
2760,東京エレクトロンデバイス,1987
2761,トシン・グループ,3190
2762,三光マーケティングフーズ,989
2763,エフティグループ,910
2764,ひらまつ,615
2767,フィールズ,1128
2768,双日,310
2769,ヴィレッジヴァンガードコーポレーション,1149
2772,ゲンキー,4410
2773,ミューチュアル,865
2776,クリムゾン,104
2777,カッシーナ・イクスシー,929
2778,パレモ・ホールディングス,371
2780,コメ兵,1707
2782,セリア,6320
2784,アルフレッサホールディングス,2065
2788,アップルインターナショナル,351
2789,カルラ,456
2790,ナフコ,1737
2791,大黒天物産,5270
2792,ハニーズホールディングス,1280
2795,日本プリメックス,678
2796,ファーマライズホールディングス,597
2798,ワイズテーブルコーポレーション,2754
2801,キッコーマン,3430
2802,味の素,2160.5
2804,ブルドックソース,2180
2805,ヱスビー食品,7950
2806,ユタカフーズ,1910
2809,キユーピー,2660
2810,ハウス食品グループ本社,3285
2811,カゴメ,3545
2812,焼津水産化学工業,1189
2813,和弘食品,2970
2814,佐藤食品工業,1382
2815,アリアケジャパン,8040
2816,ダイショー,1310
2818,ピエトロ,1635
2819,エバラ食品工業,2083
2820,やまみ,1698
2830,アヲハタ,2481
2831,はごろもフーズ,1362
2871,ニチレイ,2802
2872,セイヒョー,3245
2874,横浜冷凍,1062
2875,東洋水産,4180
2876,ジェーシー・コムサ,378
2877,日東ベスト,920
2882,イートアンド,2520
2883,大冷,2042
2884,ヨシムラ・フード・ホールディングス,4760
2892,日本食品化工,2482
2894,石井食品,202
2897,日清食品ホールディングス,6830
2899,永谷園ホールディングス,1302
2901,石垣食品,246
2902,太陽化学,1390
2903,シノブフーズ,745
2904,一正蒲鉾,1271
2905,オーケー食品工業,1225
2907,あじかん,1115
2908,フジッコ,2666
2910,ロック・フィールド,1987
2911,旭松食品,408
2914,日本たばこ産業,3713
2915,ケンコーマヨネーズ,2757
2916,仙波糖化工業,585
2917,大森屋,902
2918,わらべや日洋ホールディングス,2835
2919,マルタイ,2790
2922,なとり,1995
2923,サトウ食品工業,3730
2924,イフジ産業,816
2925,ピックルスコーポレーション,1739
2926,篠崎屋,140
2927,AFC-HDアムスライフサイエンス,819
2928,RIZAPグループ,1348
2929,ファーマフーズ,402
2930,北の達人コーポレーション,1124
2931,ユーグレナ,1178
3001,片倉工業,1371
3002,グンゼ,5180
3003,ヒューリック,1115
3004,神栄,1716
3010,価値開発,237
3011,バナーズ,200
3020,アプライド,1704
3021,パシフィックネット,509
3022,山下医科器械,1712
3023,ラサ商事,1050
3024,クリエイト,569
3028,アルペン,2192
3030,ハブ,999
3031,ラクーン,641
3032,ゴルフ・ドゥ,500
3034,クオール,1936
3035,ケイティケイ,385
3036,アルコニックス,2045
3038,神戸物産,5210
3040,ソリトンシステムズ,1227
3041,ビューティ花壇,302
3042,セキュアヴェイル,715
3045,カワサキ,1526
3046,ジンズ,6950
3047,TRUCK-ONE,217
3048,ビックカメラ,1246
3050,DCMホールディングス,1012
3053,ペッパーフードサービス,4715
3054,ハイパー,690
3055,ほくやく・竹山ホールディングス,663
3057,ゼットン,924
3058,三洋堂ホールディングス,997
3059,ヒラキ,1000
3063,ジェイグループホールディングス,835
3064,MonotaRO,2993
3065,ライフフーズ,1747
3066,JBイレブン,814
3067,東京一番フーズ,588
3068,WDI,1445
3069,アスラポート・ダイニング,441
3070,アマガサ,485
3071,ストリーム,116
3073,DDホ－ルディングス,2506
3075,銚子丸,4520
3076,あいホールディングス,2821
3077,ホリイフードサービス,1130
3079,ディーブイエックス,1460
3080,ジェーソン,381
3082,きちり,705
3083,シーズメン,568
3085,アークランドサービスホールディングス,2341
3086,J.フロントリテイリング,1563
3087,ドトール・日レスホールディングス,2408
3088,マツモトキヨシホールディングス,7350
3089,テクノアルファ,1230
3091,ブロンコビリー,2701
3092,スタートトゥデイ,3600
3093,トレジャー・ファクトリー,835
3094,スーパーバリュー,1016
3096,オーシャンシステム,961
3097,物語コーポレーション,7530
3098,ココカラファイン,6480
3099,三越伊勢丹ホールディングス,1175
3101,東洋紡,2101
3103,ユニチカ,879
3104,富士紡ホールディングス,3835
3105,日清紡ホールディングス,1311
3106,倉敷紡績,314
3107,ダイワボウホールディングス,4755
3109,シキボウ,1720
3110,日東紡績,3420
3111,オーミケンシ,83
3113,Oakキャピタル,282
3116,トヨタ紡織,2386
3121,マーチャント・バンカーズ,401
3123,サイボー,474
3125,新内外綿,1074
3131,シンデン・ハイテックス,3500
3132,マクニカ・富士エレホールディングス,2090
3133,海帆,727
3134,Hamee,1783
3135,マーケットエンタープライズ,584
3136,エコノス,380
3137,ファンデリー,1560
3138,富士山マガジンサービス,1334
3139,ラクト・ジャパン,3870
3140,イデアインターナショナル,1038
3141,ウエルシアホールディングス,4230
3143,オーウイル,1019
3148,クリエイトSDホールディングス,2966
3150,グリムス,1760
3151,バイタルケーエスケー・ホールディングス,937
3153,八洲電機,931
3154,メディアスホールディングス,2670
3156,UKCホールディングス,1976
3157,ジューテックホールディングス,1186
3159,丸善CHIホールディングス,356
3160,大光,1029
3161,アゼアス,603
3165,フーマイスターエレクトロニクス,1046
3166,OCHIホールディングス,1377
3167,TOKAIホールディングス,861
3168,黒谷,1260
3169,ミサワ,460
3171,マックスバリュ九州,2062
3172,ティーライフ,1404
3173,大阪工機,1045
3174,ハピネス・アンド・ディ,1049
3175,エー・ピーカンパニー,729
3176,三洋貿易,2641
3177,ありがとうサービス,2844
3178,チムニー,2859
3179,シュッピン,2513
3180,ビューティガレージ,1715
3181,買取王国,692
3182,オイシックスドット大地,2102
3183,ウイン・パートナーズ,1510
3184,ICDAホールディングス,1511
3185,夢展望,1441
3186,ネクステージ,2010
3187,サンワカンパニー,430
3189,ANAP,775
3190,ホットマン,583
3191,ジョイフル本田,2976
3192,白鳩,551
3193,鳥貴族,3295
3194,キリン堂ホールディングス,1345
3195,ジェネレーションパス,595
3196,ホットランド,1469
3197,すかいらーく,1654
3198,SFPホールディングス,1745
3199,綿半ホールディングス,2481
3201,日本毛織,1020
3202,ダイトウボウ,85
3204,トーア紡コーポレーション,590
3205,ダイドーリミテッド,438
3209,カネヨウ,161
3221,ヨシックス,2410
3222,ユナイテッド・スーパーマーケット・ホールディングス,1090
3223,エスエルディー,1290
3224,ゼネラル・オイスター,980
3228,三栄建築設計,2252
3230,スター・マイカ,1680
3231,野村不動産ホールディングス,2390
3232,三重交通グループホールディングス,449
3236,プロパスト,195
3237,イントランス,205
3238,セントラル総合開発,271
3241,ウィル,371
3242,アーバネットコーポレーション,348
3244,サムティ,1800
3245,ディア・ライフ,483
3246,コーセーアールイー,1418
3248,アールエイジ,820
3250,エー・ディー・ワークス,40
3252,日本商業開発,1734
3254,プレサンスコーポレーション,1524
3258,ユニゾホールディングス,2630
3260,エスポア,378
3261,グランディーズ,437
3264,アスコット,298
3266,ファンドクリエーショングループ,124
3267,フィル・カンパニー,1915
3271,THEグローバル社,845
3275,ハウスコム,2558
3276,日本管理センター,1533
3277,サンセイランディック,951
3280,エストラスト,766
3284,フージャースホールディングス,1219
3286,トラストホールディングス,401
3288,オープンハウス,3895
3289,東急不動産ホールディングス,674
3291,飯田グループホールディングス,2015
3293,アズマハウス,1701
3294,イーグランド,870
3297,東武住販,1253
3299,ムゲンエステート,1095
3300,AMBITION,1284
3302,帝国繊維,2274
3306,日本製麻,442
3313,ブックオフコーポレーション,818
3315,日本コークス工業,114
3316,東京日産コンピュータシステム,2659
3317,フライングガーデン,3185
3318,メガネスーパー,71
3319,ゴルフダイジェスト・オンライン,874
3320,クロスプラス,1378
3321,ミタチ産業,891
3322,アルファグループ,1639
3323,レカム,111
3326,ランシステム,917
3328,BEENOS,1235
3329,東和フードサービス,3720
3333,あさひ,1338
3341,日本調剤,3625
3344,ワンダーコーポレーション,917
3346,21LADY,316
3347,トラスト,291
3349,コスモス薬品,25270
3350,レッド・プラネット・ジャパン,27
3352,バッファロー,931
3353,メディカル一光,8130
3355,クリヤマホールディングス,1815
3356,テリロジー,338
3358,ワイエスフード,259
3359,タイセイ,1220
3360,シップヘルスケアホールディングス,3480
3361,トーエル,916
3366,一六堂,416
3370,フジタコーポレーション,815
3371,ソフトクリエイトホールディングス,1525
3372,関門海,446
3374,内外テック,3630
3375,ZOA,806
3376,オンリー,806
3377,バイク王＆カンパニー,221
3382,セブン＆アイ・ホールディングス,4355
3384,アークコア,394
3385,薬王堂,2882
3386,コスモ・バイオ,1316
3387,クリエイト・レストランツ・ホールディングス,1172
3388,明治電機工業,1788
3390,INEST,138
3391,ツルハホールディングス,13490
3392,デリカフーズ,1606
3393,スターティア,641
3395,サンマルクホールディングス,3285
3396,フェリシモ,1359
3397,トリドールホールディングス,3340
3399,丸千代山岡家,1210
3401,帝人,2235
3402,東レ,1100
3405,クラレ,2114
3407,旭化成,1376
3408,サカイオーベックス,2299
3409,北日本紡績,1316
3415,TOKYO_BASE,5580
3416,ピクスタ,1290
3417,大木ヘルスケアホールディングス,682
3418,バルニバービ,2715
3419,アートグリーン,2929
3420,ケー・エフ・シー,2160
3421,稲葉製作所,1405
3422,丸順,904
3423,エスイー,557
3424,ミヤコ,916
3426,アトムリビンテック,1090
3431,宮地エンジニアリンググループ,3100
3433,トーカロ,4290
3434,アルファ,2324
3435,サンコーテクノ,1192
3436,SUMCO,1765
3437,特殊電極,3810
3439,三ツ知,1780
3440,日創プロニティ,755
3441,山王,1551
3442,MIEコーポレーション,85
3443,川田テクノロジーズ,6320
3444,菊池製作所,890
3445,RSTechnologies,4395
3452,ビーロット,3265
3454,ファーストブラザーズ,947
3457,ハウスドゥ,1604
3458,シーアールイー,1490
3461,パルマ,2289
3464,プロパティエージェント,1597
3465,ケイアイスター不動産,2091
3467,アグレ都市デザイン,1510
3469,デュアルタップ,1655
3474,G-FACTORY,926
3475,グッドコムアセット,1015
3477,フォーライフ,3455
3479,ティーケーピー,2407
3480,ジェイ・エス・ビー,4100
3482,ロードスターキャピタル,2620
3501,住江織物,353
3504,丸八ホールディングス,896
3512,日本フエルト,505
3513,イチカワ,337
3515,フジコー,3445
3521,エコナックホールディングス,144
3524,日東製網,1882
3526,芦森工業,3185
3528,プロスペクト,52
3529,アツギ,1280
3536,アクサスホールディングス,136
3537,昭栄薬品,2669
3538,ウイルプラスホールディングス,2062
3539,ジャパンミート,1775
3541,農業総合研究所,2834
3542,ベガコーポレーション,1601
3543,コメダホールディングス,1872
3544,サツドラホールディングス,2030
3545,デファクトスタンダード,1462
3546,ダイユー・リックホールディングス,895
3547,串カツ田中,7000
3548,バロックジャパンリミテッド,1000
3549,クスリのアオキホールディングス,6660
3550,スタジオアタオ,1985
3551,ダイニック,1249
3553,共和レザー,961
3556,リネットジャパングループ,510
3557,ユナイテッド＆コレクティブ,4455
3558,ロコンド,1931
3559,ピーバンドットコム,1873
3560,ほぼ日,5300
3561,力の源ホールディングス,1200
3562,No.1,1990
3563,スシローグローバルホールディングス,3470
3564,LIXILビバ,1874
3565,アセンテック,4545
3566,ユニフォームネクスト,4615
3569,セーレン,2057
3571,ソトー,1163
3577,東海染工,1623
3578,倉庫精練,162
3580,小松精練,868
3583,オーベクス,1223
3591,ワコールホールディングス,3230
3593,ホギメディカル,7980
3597,自重堂,1575
3598,山喜,284
3600,フジックス,2500
3604,川本産業,322
3606,レナウン,205
3607,クラウディアホールディングス,651
3608,TSIホールディングス,891
3622,ネットイヤーグループ,633
3623,ビリングシステム,7930
3624,アクセルマーク,1475
3625,テックファームホールディングス,1213
3626,TIS,3305
3627,ネオス,471
3628,データホライゾン,1711
3630,電算システム,2146
3632,グリー,781
3633,GMOペパボ,3210
3634,ソケッツ,1585
3635,コーエーテクモホールディングス,2350
3636,三菱総合研究所,3320
3639,ボルテージ,1130
3640,電算,2320
3641,パピレス,2572
3645,メディカルネット,633
3646,駅探,754
3647,ジー・スリーホールディングス,206
3648,AGS,1743
3649,ファインデックス,849
3652,ディジタルメディアプロフェッショナル,2880
3653,モルフォ,4860
3654,ヒト・コミュニケーションズ,1812
3655,ブレインパッド,1241
3656,KLab,1633
3657,ポールトゥウィン・ピットクルーホールディングス,1545
3658,イーブックイニシアティブジャパン,1129
3659,ネクソン,2957
3660,アイスタイル,682
3661,エムアップ,1385
3662,エイチーム,2949
3663,アートスパークホールディングス,1484
3664,モブキャスト,831
3665,エニグモ,1070
3666,テクノスジャパン,1082
3667,enish,2202
3668,コロプラ,1278
3669,モバイルクリエイト,385
3670,協立情報通信,1934
3671,ソフトマックス,1600
3672,オルトプラス,904
3673,ブロードリーフ,973
3674,オークファン,853
3675,クロス・マーケティンググループ,612
3676,ハーツユナイテッドグループ,1551
3677,システム情報,852
3678,メディアドゥホールディングス,2517
3679,じげん,1636
3680,ホットリンク,592
3681,ブイキューブ,638
3682,エンカレッジ・テクノロジ,2062
3683,サイバーリンクス,1596
3685,みんなのウェディング,705
3686,ディー・エル・イー,452
3687,フィックスターズ,4295
3688,VOYAGEグループ,1437
3689,イグニス,3880
3690,ロックオン,1698
3691,リアルワールド,1556
3692,FFRI,4350
3694,オプティム,2680
3695,GMOリサーチ,2387
3696,セレス,1348
3697,SHIFT,1752
3698,CRI・ミドルウェア,1942
3708,特種東海製紙,4440
3710,ジョルダン,1043
3711,創通,2354
3712,情報企画,1774
3719,ジェクシード,132
3723,日本ファルコム,1015
3724,ベリサーブ,3525
3726,フォーシーズホールディングス,452
3727,アプリックス,450
3733,ソフトウェア・サービス,5060
3738,ティーガイア,2187
3739,コムシード,454
3741,セック,2578
3742,ITbook,516
3744,サイオステクノロジー,746
3747,インタートレード,336
3750,セブンシーズホールディングス,1574
3751,日本アジアグループ,439
3753,フライトホールディングス,947
3754,エキサイト,833
3756,豆蔵ホールディングス,1181
3758,アエリア,2108
3760,ケイブ,1707
3762,テクマトリックス,1582
3763,プロシップ,2560
3765,ガンホー・オンライン・エンターテイメント,302
3766,システムズ・デザイン,771
3768,リスクモンスター,1061
3769,GMOペイメントゲートウェイ,7030
3770,ザッパラス,410
3771,システムリサーチ,2171
3772,ウェルス・マネジメント,2045
3773,アドバンスト・メディア,854
3774,インターネットイニシアティブ,2107
3775,ガイアックス,628
3776,ブロードバンドタワー,225
3777,ジオネクスト,50
3778,さくらインターネット,877
3779,ジェイ・エスコムホールディングス,140
3782,ディー・ディー・エス,675
3784,ヴィンクス,1206
3787,テクノマセマティカル,1083
3788,GMOクラウド,3070
3791,IGポート,1914
3793,ドリコム,1465
3794,エヌ・デーソフトウェア,1387
3796,いい生活,377
3798,ULSグループ,1601
3799,キーウェアソリューションズ,527
3800,ユニリタ,1740
3802,エコミック,804
3803,イメージ情報開発,814
3804,システムディ,1204
3807,フィスコ,370
3808,オウケイウェイヴ,544
3810,サイバーステップ,2766
3814,アルファクス・フード・システム,1515
3815,メディア工房,566
3816,大和コンピューター,1130
3817,SRAホールディングス,2992
3822,Minoriソリューションズ,1326
3823,アクロディア,354
3824,メディアファイブ,800
3825,リミックスポイント,1199
3826,システムインテグレータ,811
3830,ギガプライズ,2230
3834,朝日ネット,539
3835,eBASE,1114
3836,アバント,1948
3837,アドソル日進,1161
3839,ODKソリューションズ,423
3840,パス,158
3841,ジーダット,1043
3842,ネクストジェン,2002
3843,フリービット,987
3844,コムチュア,2078
3845,アイフリークモバイル,281
3847,パシフィックシステム,2755
3848,データ・アプリケーション,1778
3849,日本テクノ・ラボ,790
3850,エヌ・ティ・ティ・データ・イントラマート,1695
3851,日本一ソフトウェア,1608
3852,サイバーコム,1039
3853,インフォテリア,1372
3854,アイル,1335
3856,Abalance,1013
3857,ラック,1371
3858,ユビキタス,1145
3861,王子ホールディングス,610
3863,日本製紙,2104
3864,三菱製紙,761
3865,北越紀州製紙,697
3877,中越パルプ工業,2182
3878,巴川製紙所,335
3880,大王製紙,1334
3891,ニッポン高度紙工業,2633
3892,岡山製紙,556
3895,ハビックス,1087
3896,阿波製紙,807
3900,クラウドワークス,896
3901,マークラインズ,973
3902,メディカル・データ・ビジョン,2050
3903,gumi,1091
3904,カヤック,1342
3905,データセクション,703
3906,ALBERT,1254
3907,シリコンスタジオ,3740
3908,コラボス,2701
3909,ショーケース・ティービー,1122
3910,エムケイシステム,2118
3911,Aiming,628
3912,モバイルファクトリー,1494
3913,sMedio,2166
3914,JIG-SAW,6050
3915,テラスカイ,7430
3916,デジタル・インフォメーション・テクノロジー,2067
3917,アイリッジ,2036
3918,PCIホールディングス,3300
3919,パイプドHD,1217
3920,アイビーシー,984
3921,ネオジャパン,1610
3922,PR_TIMES,2955
3923,ラクス,2025
3924,ランドコンピュータ,1499
3925,ダブルスタンダード,5650
3926,オープンドア,4845
3927,アークン,572
3928,マイネット,1572
3929,ソーシャルワイヤー,1400
3930,はてな,2048
3931,バリューゴルフ,2178
3932,アカツキ,9010
3933,チエル,1644
3934,ベネフィットジャパン,1020
3935,エディア,1310
3936,グローバルウェイ,3660
3937,Ubicomホールディングス,1570
3938,LINE,4050
3939,カナミックネットワーク,1878
3940,ノムラシステムコーポレーション,1363
3941,レンゴー,663
3943,大石産業,1960
3944,古林紙工,2605
3945,スーパーバッグ,2534
3946,トーモク,2004
3947,ダイナパック,1690
3948,光ビジネスフォーム,505
3950,ザ・パック,4020
3951,朝日印刷,2590
3952,中央紙器工業,1364
3953,大村紙業,620
3954,昭和パックス,1674
3955,イムラ封筒,614
3956,国際チャート,251
3960,バリューデザイン,2165
3961,シルバーエッグ・テクノロジー,2220
3962,チェンジ,8430
3963,シンクロ・フード,1806
3964,オークネット,1438
3965,キャピタル・アセット・プランニング,2322
3966,ユーザベース,3060
3967,エルテス,2711
3968,セグエグループ,2256
3969,エイトレッド,2983
3970,イノベーション,1824
3974,ティビィシィ・スキヤツト,1426
3975,AOI_TYOホールディングス,1213
3976,シャノン,2237
3977,フュージョン,1515
3978,マクロミル,2563
3979,うるる,3640
3981,ビーグリー,1757
3983,オロ,1669
3984,ユーザーローカル,6690
3985,テモナ,5780
3986,ビーブレイクシステムズ,4300
3987,エコモット,1815
3988,SYSホールディングス,3665
3989,シェアリングテクノロジー,2252
3990,UUUM,5500
3991,ウォンテッドリー,4000
3992,ニーズウェル,3100
3993,PKSHA_Technology,8530
4004,昭和電工,3590
4005,住友化学,707
4008,住友精化,5450
4021,日産化学工業,3975
4022,ラサ工業,2001
4023,クレハ,6070
4025,多木化学,4870
4026,神島化学工業,1704
4027,テイカ,2154
4028,石原産業,1592
4031,片倉コープアグリ,1382
4033,日東エフシー,860
4041,日本曹達,684
4042,東ソー,2570
4043,トクヤマ,2674
4044,セントラル硝子,2467
4045,東亞合成,1509
4046,大阪ソーダ,2900
4047,関東電化工業,1219
4061,デンカ,3705
4062,イビデン,1824
4063,信越化学工業,10180
4064,日本カーバイド工業,2520
4078,堺化学工業,2913
4080,田中化学研究所,2313
4082,第一稀元素化学工業,1640
4088,エア・ウォーター,2065
4091,大陽日酸,1332
4092,日本化学工業,2709
4093,東邦アセチレン,1698
4094,日本化学産業,2209
4095,日本パーカライジング,1787
4097,高圧ガス工業,842
4098,チタン工業,3305
4099,四国化成工業,1652
4100,戸田工業,5060
4102,丸尾カルシウム,1513
4107,伊勢化学工業,601
4109,ステラケミファ,4880
4112,保土谷化学工業,7710
4113,田岡化学工業,2580
4114,日本触媒,7980
4115,本州化学工業,1334
4116,大日精化工業,5180
4117,川崎化成工業,215
4118,カネカ,879
4119,日本ピグメント,4550
4120,スガイ化学工業,168
4151,協和発酵キリン,1888
4182,三菱瓦斯化学,2686
4183,三井化学,3435
4185,JSR,2156
4186,東京応化工業,3990
4187,大阪有機化学工業,1387
4188,三菱ケミカルホールディングス,1071.5
4189,KHネオケム,2856
4202,ダイセル,1367
4203,住友ベークライト,825
4204,積水化学工業,2225
4205,日本ゼオン,1421
4206,アイカ工業,3770
4208,宇部興産,3260
4212,積水樹脂,2099
4215,タキロンシーアイ,707
4216,旭有機材,1496
4217,日立化成,3120
4218,ニチバン,2286
4220,リケンテクノス,689
4221,大倉工業,810
4222,児玉化学工業,96
4224,ロンシール工業,2538
4228,積水化成品工業,1395
4229,群栄化学工業,3890
4231,タイガースポリマー,795
4234,サンエー化研,1100
4235,第一化成,2993
4237,フジプレアム,400
4238,ミライアル,1466
4239,ポラテクノ,950
4240,クラスターテクノロジー,680
4241,アテクト,1682
4242,タカギセイコー,4260
4243,ニックス,1145
4245,ダイキアクシス,1312
4246,ダイキョーニシカワ,1787
4247,ポバール興業,1234
4248,竹本容器,1830
4272,日本化薬,1725
4274,細谷火工,1711
4275,カーリットホールディングス,763
4282,EPSホールディングス,2116
4284,ソルクシーズ,825
4286,レッグス,837
4287,ジャストプランニング,793
4288,アズジェント,2933
4290,プレステージ・インターナショナル,1153
4291,JIEC,1598
4293,セプテーニ・ホールディングス,316
4295,フェイス,1309
4298,プロトコーポレーション,2015
4299,ハイマックス,1626
4301,アミューズ,2912
4304,Eストアー,781
4307,野村総合研究所,4340
4308,Jストリーム,567
4310,ドリームインキュベータ,2243
4312,サイバネットシステム,772
4316,ビーマップ,1919
4317,レイ,328
4318,クイック,1845
4319,TAC,277
4320,CEホールディングス,599
4321,ケネディクス,624
4323,日本システム技術,1354
4324,電通,4940
4326,インテージホールディングス,1344
4327,日本エス・エイチ・エル,2280
4331,テイクアンドギヴ・ニーズ,849
4333,東邦システムサイエンス,845
4334,ユークス,652
4335,アイ・ピー・エス,699
4336,クリエアナブキ,907
4337,ぴあ,5390
4341,西菱電機,966
4342,セコム上信越,3560
4343,イオンファンタジー,3915
4344,ソースネクスト,548
4345,シーティーエス,742
4346,ネクシィーズグループ,2059
4347,ブロードメディア,114
4348,インフォコム,2720
4349,テスク,243
4350,メディカルシステムネットワーク,508
4351,山田債権回収管理総合事務所,530
4355,ロングライフホールディング,593
4356,応用技術,685
4361,川口化学工業,247
4362,日本精化,945
4364,マナック,509
4365,松本油脂製薬,12100
4366,ダイトーケミックス,794
4367,広栄化学工業,3415
4368,扶桑化学工業,3555
4369,トリケミカル研究所,3695
4401,ADEKA,1998
4403,日油,3155
4404,ミヨシ油脂,1466
4406,新日本理化,296
4409,東邦化学工業,444
4410,ハリマ化成グループ,1002
4452,花王,6548
4461,第一工業製薬,673
4462,石原ケミカル,1801
4463,日華化学,1123
4464,ソフト99コーポレーション,1000
4465,ニイタカ,1918
4471,三洋化成工業,6520
4502,武田薬品工業,6113
4503,アステラス製薬,1425
4506,大日本住友製薬,1464
4507,塩野義製薬,6160
4508,田辺三菱製薬,2599
4512,わかもと製薬,286
4514,あすか製薬,1797
4516,日本新薬,7750
4517,ビオフェルミン製薬,2848
4519,中外製薬,4635
4521,科研製薬,5730
4523,エーザイ,5753
4524,森下仁丹,2975
4526,理研ビタミン,4300
4527,ロート製薬,2548
4528,小野薬品工業,2420.5
4530,久光製薬,5440
4531,有機合成薬品工業,294
4534,持田製薬,8280
4536,参天製薬,1752
4538,扶桑薬品工業,2757
4539,日本ケミファ,5090
4540,ツムラ,4005
4541,日医工,1724
4543,テルモ,4450
4544,みらかホールディングス,5230
4547,キッセイ薬品工業,2970
4548,生化学工業,1942
4549,栄研化学,4375
4550,日水製薬,1414
4551,鳥居薬品,3240
4552,JCRファーマ,3420
4553,東和薬品,5660
4554,富士製薬工業,3795
4555,沢井製薬,6400
4556,カイノス,649
4557,医学生物学研究所,2499
4558,中京医薬品,289
4559,ゼリア新薬工業,2011
4563,アンジェス,645
4564,オンコセラピー・サイエンス,256
4565,そーせいグループ,9110
4568,第一三共,2518.5
4569,キョーリン製薬ホールディングス,2228
4570,免疫生物研究所,802
4571,ナノキャリア,671
4572,カルナバイオサイエンス,1246
4574,大幸薬品,2349
4575,キャンバス,629
4576,デ・ウエスタン・セラピテクス研究所,483
4577,ダイト,2887
4578,大塚ホールディングス,4459
4579,ラクオリア創薬,1116
4581,大正製薬ホールディングス,8520
4582,シンバイオ製薬,239
4583,カイオム・バイオサイエンス,381
4584,ジーンテクノサイエンス,1310
4585,UMNファーマ,290
4586,メドレックス,686
4587,ペプチドリーム,3380
4588,オンコリスバイオファーマ,647
4591,リボミック,555
4592,サンバイオ,1669
4593,ヘリオス,1389
4594,ブライトパス・バイオ,448
4595,ミズホメディー,2753
4596,窪田製薬ホールディングス,650
4597,ソレイジア・ファーマ,324
4611,大日本塗料,1749
4612,日本ペイントホールディングス,3860
4613,関西ペイント,2823
4615,神東塗料,225
4616,川上塗料,1620
4617,中国塗料,945
4619,日本特殊塗料,1920
4620,藤倉化成,669
4621,ロックペイント,768
4623,アサヒペン,182
4624,イサム塗料,3010
4625,アトミクス,987
4626,太陽ホールディングス,5280
4627,ナトコ,1415
4628,エスケー化研,9100
4629,大伸化学,1623
4631,DIC,4115
4633,サカタインクス,2078
4634,東洋インキSCホールディングス,632
4635,東京インキ,3820
4636,T＆K　TOKA,1334
4640,アンドール,437
4641,アルプス技研,3660
4642,オリジナル設計,530
4644,イマジニア,950
4645,市進ホールディングス,448
4649,大成,824
4650,SDエンターテイメント,1075
4651,サニックス,321
4653,ダイオーズ,1315
4656,サン・ライフ,965
4657,環境管理センター,483
4658,日本空調サービス,711
4659,エイジス,2610
4661,オリエンタルランド,8537
4662,フォーカスシステムズ,942
4664,アール・エス・シー,552
4665,ダスキン,3120
4666,パーク24,2692
4667,アイサンテクノロジー,3465
4668,明光ネットワークジャパン,1600
4669,ニッパンレンタル,1820
4671,ファルコホールディングス,1692
4673,川崎地質,491
4674,クレスコ,4215
4676,フジ・メディア・ホールディングス,1623
4678,秀英予備校,478
4679,田谷,672
4680,ラウンドワン,1531
4681,リゾートトラスト,2024
4684,オービック,7050
4685,菱友システムズ,5450
4686,ジャストシステム,2389
4687,TDCソフトウェアエンジニアリング,1181
4689,ヤフー,533
4690,日本パレットプール,225
4694,ビー・エム・エル,2360
4695,マイスターエンジニアリング,680
4696,ワタベウェディング,801
4699,ウチダエスコ,1254
4704,トレンドマイクロ,5510
4705,クリップコーポレーション,914
4707,キタック,336
4708,りらいあコミュニケーションズ,1291
4709,インフォメーション・ディベロプメント,1329
4712,アドアーズ,124
4714,リソー教育,868
4716,日本オラクル,8810
4718,早稲田アカデミー,1724
4719,アルファシステムズ,2342
4720,城南進学研究社,552
4722,フューチャー,1044
4725,CACホールディングス,1065
4726,ソフトバンク・テクノロジー,1867
4728,トーセ,2370
4732,ユー・エス・エス,2265
4733,オービックビジネスコンサルタント,5680
4734,ビーイング,429
4735,京進,1092
4736,日本ラッド,1388
4739,伊藤忠テクノソリューションズ,4190
4743,アイティフォー,643
4745,東京個別指導学院,1056
4746,東計電算,3055
4748,構造計画研究所,2356
4750,ダイサン,867
4751,サイバーエージェント,3240
4752,昭和システムエンジニアリング,681
4754,トスネット,1088
4755,楽天,1230
4760,アルファ,216
4761,さくらケーシーエス,677
4762,エックスネット,909
4763,クリーク・アンド・リバー社,1201
4764,SAMURAI＆J_PARTNERS,1205
4765,モーニングスター,343
4766,ピーエイ,201
4767,テー・オー・ダブリュー,830
4768,大塚商会,7130
4769,インフォメーションクリエーティブ,1028
4770,図研エルミック,539
4771,エフアンドエム,1048
4772,デジタルアドベンチャー,639
4775,総合メディカル,5200
4776,サイボウズ,513
4777,ガーラ,406
4779,ソフトブレーン,421
4781,日本ハウズイング,3090
4783,日本コンピュータ・ダイナミクス,1007
4784,GMOアドパートナーズ,453
4792,山田コンサルティンググループ,2344
4793,富士通ビー・エス・シー,1295
4800,オリコン,382
4801,セントラルスポーツ,3875
4809,パラカ,2410
4812,電通国際情報サービス,2566
4813,ACCESS,907
4814,ネクストウェア,312
4816,東映アニメーション,11140
4819,デジタルガレージ,2315
4820,イーエムシステムズ,2151
4824,メディアシーク,464
4825,ウェザーニューズ,3570
4826,CIJ,640
4827,ビジネス・ワンホールディングス,510
4828,東洋ビジネスエンジニアリング,1780
4829,日本エンタープライズ,260
4832,JFEシステムズ,2448
4833,ぱど,575
4834,キャリアバンク,1000
4837,シダックス,441
4838,スペースシャワーネットワーク,627
4839,WOWOW,3550
4840,トライアイズ,383
4845,スカラ,804
4847,インテリジェントウェイブ,697
4848,フルキャストホールディングス,1929
4849,エン・ジャパン,4050
4875,メディシノバ・インク,730
4901,富士フイルムホールディングス,4370
4902,コニカミノルタ,934
4911,資生堂,4415
4912,ライオン,2069
4914,高砂香料工業,3890
4917,マンダム,3090
4918,アイビー化粧品,5610
4919,ミルボン,6620
4920,日本色材工業研究所,5250
4921,ファンケル,2433
4922,コーセー,12500
4923,コタ,1294
4924,シーズ・ホールディングス,3970
4925,ハーバー研究所,4685
4926,シーボン,2579
4927,ポーラ・オルビスホールディングス,3315
4928,ノエビアホールディングス,6080
4929,アジュバンコスメジャパン,975
4951,エステー,2534
4952,エス・ディー・エスバイオテック,906
4955,アグロカネショウ,1918
4956,コニシ,1995
4957,ヤスハラケミカル,752
4958,長谷川香料,2156
4960,ケミプロ化成,426
4962,互応化学工業,1400
4963,星光PMC,1204
4965,曽田香料,1140
4966,上村工業,6750
4967,小林製薬,6350
4968,荒川化学工業,2641
4970,東洋合成工業,1355
4971,メック,1797
4972,綜研化学,2421
4973,日本高純度化学,2720
4974,タカラバイオ,1530
4975,JCU,4880
4976,東洋ドライルーブ,3680
4977,新田ゼラチン,764
4978,リプロセル,348
4979,OATアグリオ,2142
4980,デクセリアルズ,1372
4985,アース製薬,5060
4987,寺岡製作所,620
4990,昭和化学工業,417
4992,北興化学工業,710
4994,大成ラミック,3030
4995,サンケイ化学,939
4996,クミアイ化学工業,806
4997,日本農薬,634
4998,フマキラー,1996
4999,セメダイン,707
5002,昭和シェル石油,1303
5008,東亜石油,152
5009,富士興産,593
5010,日本精蝋,347
5011,ニチレキ,1435
5013,ユシロ化学工業,1668
5015,ビーピー・カストロール,1954
5017,富士石油,438
5018,MORESCO,2150
5019,出光興産,3180
5020,JXTGホールディングス,580.6
5021,コスモエネルギーホールディングス,2598
5101,横浜ゴム,2324
5103,昭和ホールディングス,130
5104,日東化工,863
5105,東洋ゴム工業,2487
5108,ブリヂストン,5114
5110,住友ゴム工業,2093
5121,藤倉ゴム工業,929
5122,オカモト,1188
5142,アキレス,2265
5161,西川ゴム工業,2255
5162,朝日ラバー,1247
5184,ニチリン,3950
5185,フコク,1162
5186,ニッタ,4160
5187,クリエートメディック,1060
5189,櫻護謨,570
5191,住友理工,1116
5192,三ツ星ベルト,1351
5194,相模ゴム工業,1712
5195,バンドー化学,1207
5199,不二ラテックス,3265
5201,旭硝子,4230
5202,日本板硝子,883
5204,石塚硝子,2403
5208,有沢製作所,1009
5210,日本山村硝子,199
5212,不二硝子,485
5214,日本電気硝子,4355
5216,倉元製作所,238
5217,テクノクオーツ,7600
5218,オハラ,2281
5232,住友大阪セメント,490
5233,太平洋セメント,4335
5237,ノザワ,1415
5261,リソルホールディングス,3885
5262,日本ヒューム,691
5268,旭コンクリート工業,720
5269,日本コンクリート工業,439
5271,トーヨーアサノ,2391
5273,三谷セキサン,2568
5277,スパンクリートコーポレーション,625
5279,日本興業,897
5280,ヨシコン,1413
5282,ジオスター,925
5283,高見澤,505
5284,ヤマウ,444
5285,ヤマックス,3615
5287,イトーヨーギョー,1030
5288,アジアパイルホールディングス,618
5289,ゼニス羽田ホールディングス,422
5301,東海カーボン,1055
5302,日本カーボン,4290
5304,SECカーボン,5290
5310,東洋炭素,2687
5331,ノリタケカンパニーリミテド,5300
5332,TOTO,4730
5333,日本碍子,2123
5334,日本特殊陶業,2387
5337,ダントーホールディングス,148
5341,アサヒ衛陶,125
5342,ジャニス工業,165
5343,ニッコー,141
5344,MARUWA,6440
5351,品川リフラクトリーズ,3740
5352,黒崎播磨,5330
5355,日本坩堝,225
5356,美濃窯業,367
5357,ヨータイ,430
5358,イソライト工業,840
5363,東京窯業,376
5367,ニッカトー,617
5380,新東,269
5381,Mipox,801
5384,フジミインコーポレーテッド,2657
5386,鶴弥,473
5387,チヨダウーテ,497
5388,クニミネ工業,868
5391,エーアンドエーマテリアル,1304
5393,ニチアス,1410
5395,理研コランダム,251
5401,新日鐵住金,2582.5
5406,神戸製鋼所,1285
5408,中山製鋼所,740
5410,合同製鐵,2125
5411,ジェイエフイーホールディングス,2172.5
5413,日新製鋼,1441
5423,東京製鐵,926
5440,共英製鋼,1762
5444,大和工業,3025
5445,東京鐵鋼,2313
5446,北越メタル,1458
5449,大阪製鐵,2541
5451,淀川製鋼所,3090
5453,東洋鋼鈑,537
5456,朝日工業,1439
5458,高砂鐵工,956
5461,中部鋼鈑,753
5463,丸一鋼管,3270
5464,モリ工業,2609
5471,大同特殊鋼,6560
5476,日本高周波鋼業,1136
5480,日本冶金工業,235
5481,山陽特殊製鋼,2916
5482,愛知製鋼,4430
5484,東北特殊鋼,1915
5486,日立金属,1580
5491,日本金属,3215
5541,大平洋金属,2893
5542,新報国製鉄,1498
5563,新日本電工,454
5602,栗本鐵工所,2359
5603,虹技,2299
5607,中央可鍛工業,530
5609,日本鋳造,1532
5610,大和重工,142
5612,日本鋳鉄管,181
5614,川金ホールディングス,377
5631,日本製鋼所,2605
5632,三菱製鋼,2900
5644,メタルアート,342
5658,日亜鋼業,316
5659,日本精線,4655
5660,神鋼鋼線工業,1780
5695,パウダーテック,4940
5697,サンユウ,463
5698,エンビプロ・ホールディングス,1108
5702,大紀アルミニウム工業所,848
5703,日本軽金属ホールディングス,323
5704,JMC,1101
5706,三井金属鉱業,5780
5707,東邦亜鉛,4865
5711,三菱マテリアル,3900
5713,住友金属鉱山,3654
5714,DOWAホールディングス,4180
5715,古河機械金属,1948
5721,エス・サイエンス,76
5724,アサカ理研,1694
5726,大阪チタニウムテクノロジーズ,1618
5727,東邦チタニウム,814
5729,日本精鉱,3320
5741,UACJ,3220
5742,エヌアイシ・オートテック,2242
5753,日本伸銅,1465
5757,CKサンエツ,2792
5758,FCM,2889
5781,東邦金属,1745
5801,古河電気工業,6180
5802,住友電気工業,1786
5803,フジクラ,906
5805,昭和電線ホールディングス,1045
5807,東京特殊電線,2449
5809,タツタ電線,846
5815,沖電線,3340
5816,オーナンバ,454
5817,JMACS,817
5819,カナレ電気,2520
5820,三ッ星,1906
5821,平河ヒューテック,1543
5851,リョービ,3060
5852,アーレスティ,953
5856,東理ホールディングス,86
5857,アサヒホールディングス,2255
5900,ダイケン,850
5901,東洋製罐グループホールディングス,1926
5902,ホッカンホールディングス,433
5903,シンポ,834
5905,日本製罐,1288
5906,エムケー精工,414
5907,JFEコンテイナー,4080
5909,コロナ,1191
5911,横河ブリッジホールディングス,2149
5912,OSJBホールディングス,320
5915,駒井ハルテック,2437
5918,瀧上工業,5420
5921,川岸工業,1119
5922,那須電機鉄工,4110
5923,高田機工,3165
5928,アルメタックス,395
5929,三和ホールディングス,1291
5930,文化シヤッター,842
5932,三協立山,1607
5933,アルインコ,1329
5935,元旦ビューティ工業,4280
5936,東洋シヤッター,664
5938,LIXILグループ,3040
5939,大谷工業,3680
5940,不二サッシ,112
5941,中西製作所,1282
5942,日本フイルコン,727
5943,ノーリツ,2032
5945,天龍製鋸,2465
5946,長府製作所,2668
5947,リンナイ,9710
5949,ユニプレス,3050
5950,日本パワーファスニング,190
5951,ダイニチ工業,806
5952,アマテイ,129
5953,昭和鉄工,2244
5955,ヤマシナ,73
5956,トーソー,545
5957,日東精工,609
5958,三洋工業,2230
5959,岡部,1056
5962,浅香工業,1843
5964,東洋刃物,999
5965,フジマック,1900
5966,京都機械工具,2020
5967,TONE,538
5969,ロブテックス,2525
5970,ジーテクト,2301
5971,共和工業所,1045
5973,トーアミ,548
5974,中国工業,770
5975,東プレ,3475
5976,高周波熱錬,1131
5979,カネソウ,4770
5981,東京製綱,1678
5982,マルゼン,2349
5983,イワブチ,5880
5984,兼房,816
5985,サンコール,696
5986,モリテックスチール,460
5987,オーネックス,183
5988,パイオラックス,3300
5989,エイチワン,1241
5990,スーパーツール,442
5991,日本発條,1218
5992,中央発條,3610
5993,知多鋼業,811
5994,ファインシンター,2345
5997,協立エアテック,694
5998,アドバネクス,2978
5999,イハラサイエンス,2009
6005,三浦工業,2490
6013,タクマ,1350
6016,ジャパンエンジンコーポレーション,1508
6018,阪神内燃機工業,1560
6022,赤阪鐵工所,1947
6023,ダイハツディーゼル,721
6025,日本PCサービス,558
6026,GMOTECH,2400
6027,弁護士ドットコム,1421
6028,テクノプロ・ホールディングス,5120
6029,アトラ,637
6030,アドベンチャー,10820
6031,サイジニア,2046
6032,インターワークス,1076
6033,エクストリーム,1712
6034,MRT,1598
6035,アイ・アールジャパンホールディングス,1643
6036,KeePer技研,1377
6037,ファーストロジック,2482
6038,イード,945
6039,日本動物高度医療センター,2200
6040,日本スキー場開発,1491
6042,ニッキ,2400
6044,三機サービス,1484
6045,レントラックス,1097
6046,リンクバル,1966
6047,Gunosy,3105
6048,デザインワン・ジャパン,1376
6049,イトクロ,4795
6050,イー・ガーディアン,2157
6054,リブセンス,561
6055,ジャパンマテリアル,2906
6058,ベクトル,1595
6059,ウチヤマホールディングス,491
6060,こころネット,1201
6061,ユニバーサル園芸社,1999
6062,チャーム・ケア・コーポレーション,2197
6063,日本エマージェンシーアシスタンス,1061
6064,アクトコール,1519
6065,ライクキッズネクスト,2343
6067,メディアフラッグ,590
6069,トレンダーズ,1401
6070,キャリアリンク,581
6071,IBJ,849
6072,地盤ネットホールディングス,355
6073,アサンテ,1969
6074,ジェイエスエス,969
6076,アメイズ,1312
6077,N・フィールド,1693
6078,バリューHR,4660
6079,エナリス,541
6080,M＆Aキャピタルパートナーズ,5560
6081,アライドアーキテクツ,930
6082,ライドオン・エクスプレス,958
6083,ERIホールディングス,929
6084,オウチーノ,2213
6085,アーキテクツ・スタジオ・ジャパン,1431
6086,シンメンテホールディングス,4690
6087,アビスト,4495
6088,シグマクシス,826
6089,ウィルグループ,1289
6090,ヒューマン・メタボローム・テクノロジーズ,1682
6091,ウエスコホールディングス,395
6092,エンバイオ・ホールディングス,1501
6093,エスクロー・エージェント・ジャパン,3610
6094,フリークアウト・ホールディングス,3935
6095,メドピア,661
6096,レアジョブ,1550
6097,日本ビューホテル,1413
6098,リクルートホールディングス,2505
6099,エラン,1639
6101,ツガミ,989
6103,オークマ,5960
6104,東芝機械,604
6111,旭精機工業,2601
6112,小島鉄工所,120
6113,アマダホールディングス,1238
6118,アイダエンジニアリング,1317
6121,滝澤鉄工所,2029
6125,岡本工作機械製作所,2985
6131,浜井産業,93
6134,富士機械製造,2068
6135,牧野フライス製作所,1003
6136,オーエスジー,2530
6137,小池酸素工業,2985
6138,ダイジェット工業,1886
6140,旭ダイヤモンド工業,1066
6141,DMG森精機,1969
6142,富士精工,287
6143,ソディック,1369
6144,西部電機,870
6145,日特エンジニアリング,4630
6146,ディスコ,22940
6147,ヤマザキ,427
6149,小田原エンジニアリング,3780
6150,タケダ機械,314
6151,日東工器,2730
6155,高松機械工業,1046
6156,エーワン精密,2180
6157,日進工具,2022
6158,和井田製作所,592
6159,ミクロン精密,1270
6161,エスティック,3100
6164,太陽工機,2465
6165,パンチ工業,1991
6166,中村超硬,4790
6167,冨士ダイス,774
6171,土木管理総合試験所,914
6172,メタップス,3720
6173,アクアライン,2510
6175,ネットマーケティング,1399
6176,ブランジスタ,1425
6177,AppBank,569
6178,日本郵政,1323
6180,GMOメディア,2859
6181,パートナーエージェント,399
6182,ロゼッタ,1511
6183,ベルシステム24ホールディングス,1205
6184,鎌倉新書,1516
6185,ソネット・メディア・ネットワークス,2782
6186,一蔵,1139
6187,LITALICO,1663
6188,富士ソフトサービスビューロ,1398
6189,グローバルグループ,2315
6190,フェニックスバイオ,1623
6191,エボラブルアジア,2343
6192,ハイアス・アンド・カンパニー,1156
6193,バーチャレクス・コンサルティング,802
6194,アトラエ,7420
6195,ホープ,1350
6196,ストライク,4575
6197,ソラスト,2164
6198,キャリア,3880
6199,セラク,839
6200,インソース,1818
6201,豊田自動織機,6630
6203,豊和工業,978
6205,OKK,1339
6208,石川製作所,2698
6210,東洋機械金属,874
6217,津田駒工業,198
6218,エンシュウ,149
6222,島精機製作所,5830
6236,NCホールディングス,843
6237,イワキ,3055
6238,フリュー,1123
6239,ナガオカ,863
6240,ヤマシンフィルタ,4050
6245,ヒラノテクシード,2027
6246,テクノスマート,1966
6247,日阪製作所,963
6248,横田製作所,1049
6249,ゲームカード・ジョイコホールディングス,1326
6250,やまびこ,1595
6254,野村マイクロ・サイエンス,950
6255,エヌ・ピー・シー,283
6256,ニューフレアテクノロジー,6070
6257,藤商事,1208
6258,平田機工,11320
6262,ペガサスミシン製造,795
6264,マルマエ,1178
6265,妙徳,419
6266,タツモ,1899
6267,ゼネラルパッカー,2110
6268,ナブテスコ,4190
6269,三井海洋開発,2742
6271,ニッセイ,1052
6272,レオン自動機,1753
6273,SMC,39790
6274,新川,799
6276,ナビタス,350
6277,ホソカワミクロン,6450
6278,ユニオンツール,3500
6279,瑞光,3775
6281,前田製作所,447
6282,オイレス工業,2112
6284,日精エー・エス・ビー機械,4495
6286,靜甲,850
6287,サトーホールディングス,2632
6289,技研製作所,3105
6291,日本エアーテック,872
6292,カワタ,1052
6293,日精樹脂工業,1494
6294,オカダアイヨン,1872
6295,富士変速機,311
6297,鉱研工業,723
6298,ワイエイシイホールディングス,1139
6299,神鋼環境ソリューション,2049
6300,アピックヤマダ,603
6301,小松製作所,3259
6302,住友重機械工業,4470
6303,ササクラ,2430
6305,日立建機,3380
6306,日工,2218
6307,サンセイ,281
6309,巴工業,2146
6310,井関農機,2527
6312,フロイント産業,1658
6314,石井工作研究所,382
6315,TOWA,1743
6316,丸山製作所,1808
6317,北川鉄工所,2647
6319,シンニッタン,749
6322,タクミナ,1930
6323,ローツェ,2298
6324,ハーモニック・ドライブ・システムズ,5730
6325,タカキタ,604
6326,クボタ,2057
6327,北川精機,468
6328,荏原実業,1686
6330,東洋エンジニアリング,1370
6331,三菱化工機,2584
6332,月島機械,1375
6333,帝国電機製作所,1176
6334,明治機械,576
6335,東京機械製作所,677
6336,石井表記,1450
6337,テセック,1798
6338,タカトリ,810
6339,新東工業,1227
6340,澁谷工業,3600
6342,太平製作所,2648
6343,フリージア・マクロス,24
6345,アイチコーポレーション,837
6346,キクカワエンタープライズ,296
6347,プラコー,119
6349,小森コーポレーション,1410
6351,鶴見製作所,1994
6355,住友精密工業,352
6356,日本ギア工業,500
6357,三精テクノロジーズ,922
6358,酒井重工業,3490
6360,東京自働機械製作所,1609
6361,荏原製作所,3755
6362,石井鐵工所,1700
6363,酉島製作所,1204
6364,北越工業,1131
6365,電業社機械製作所,1920
6366,千代田化工建設,648
6367,ダイキン工業,11465
6368,オルガノ,2834
6369,トーヨーカネツ,4215
6370,栗田工業,3260
6371,椿本チエイン,888
6373,大同工業,1633
6376,日機装,1052
6378,木村化工機,459
6379,新興プランテック,985
6380,オリエンタルチエン工業,122
6381,アネスト岩田,1055
6382,トリニティ工業,931
6383,ダイフク,5510
6384,昭和真空,2132
6387,サムコ,1010
6390,加藤製作所,3355
6391,加地テック,3075
6392,ヤマダコーポレーション,2354
6393,油研工業,2630
6395,タダノ,1331
6396,宇野澤組鐵工所,2530
6400,不二精機,225
6402,兼松エンジニアリング,1346
6403,水道機工,1881
6405,鈴茂器工,2620
6406,フジテック,1596
6407,CKD,2186
6408,小倉クラッチ,426
6409,キトー,1420
6411,中野冷機,3795
6412,平和,2227
6413,理想科学工業,2043
6414,川重冷熱工業,1660
6416,桂川電機,150
6417,SANKYO,3590
6418,日本金銭機械,1122
6419,マースエンジニアリング,2339
6420,福島工業,4140
6424,高見沢サイバネティックス,1005
6425,ユニバーサルエンターテインメント,3360
6428,オーイズミ,557
6430,ダイコク電機,1690
6432,竹内製作所,2358
6433,ヒーハイスト精工,563
6436,アマノ,2659
6439,中日本鋳工,1095
6440,JUKI,1563
6444,サンデンホールディングス,2272
6445,蛇の目ミシン工業,765
6448,ブラザー工業,2645
6454,マックス,1582
6455,モリタホールディングス,1751
6457,グローリー,3950
6458,新晃工業,1864
6459,大和冷機工業,1210
6460,セガサミーホールディングス,1546
6461,日本ピストンリング,2489
6462,リケン,5760
6463,TPR,3780
6464,ツバキ・ナカシマ,2475
6465,ホシザキ,9990
6466,東亜バルブエンジニアリング,1269
6467,ニチダイ,545
6469,放電精密加工研究所,1082
6470,大豊工業,1750
6471,日本精工,1511
6472,NTN,478
6473,ジェイテクト,1566
6474,不二越,633
6478,ダイベア,842
6479,ミネベアミツミ,1781
6480,日本トムソン,618
6481,THK,3815
6482,ユーシン精機,3115
6484,KVK,1600
6485,前澤給装工業,1875
6486,イーグル工業,2061
6488,ヨシタケ,1045
6489,前澤工業,458
6490,日本ピラー工業,1674
6492,岡野バルブ製造,2900
6493,日鍛バルブ,402
6494,NFKホールディングス,82
6495,宮入バルブ製作所,123
6496,中北製作所,673
6497,ハマイ,1064
6498,キッツ,910
6501,日立製作所,792.6
6502,東芝,306
6503,三菱電機,1735
6504,富士電機,627
6505,東洋電機製造,2518
6506,安川電機,3530
6507,シンフォニアテクノロジー,479
6508,明電舎,410
6513,オリジン電気,2099
6516,山洋電気,6580
6517,デンヨー,2012
6518,三相電機,1265
6531,リファインバース,2707
6532,ベイカレント・コンサルティング,2111
6533,Orchestraホールディングス,2535
6534,D.A.コンソーシアムホールディングス,1866
6535,アイモバイル,1159
6537,WASHハウス,2790
6538,キャリアインデックス,1421
6539,MS-Japan,3880
6540,船場,1223
6541,グレイステクノロジー,5920
6542,FCホールディングス,915
6543,日宣,2290
6544,ジャパンエレベーターサービスホールディングス,1067
6545,インターネットインフィニティー,2034
6546,フルテック,1079
6547,グリーンズ,1380
6548,旅工房,1275
6549,ディーエムソリューションズ,2555
6550,Fringe81,4425
6551,ツナグ・ソリューションズ,4990
6552,GameWith,3430
6553,ソウルドアウト,2430
6554,エスユーエス,3720
6584,三櫻工業,943
6586,マキタ,4540
6588,東芝テック,624
6590,芝浦メカトロニクス,418
6591,西芝電機,176
6592,マブチモーター,5650
6594,日本電産,13855
6615,ユー・エム・シー・エレクトロニクス,2126
6616,トレックス・セミコンダクター,1778
6617,東光高岳,2007
6618,大泉製作所,1264
6619,ダブル・スコープ,2359
6620,宮越ホールディングス,521
6622,ダイヘン,1011
6623,愛知電機,3420
6624,田淵電機,290
6625,JALCOホールディングス,111
6626,SEMITEC,4965
6627,テラプローブ,1360
6628,オンキヨー,205
6629,テクノホライゾン・ホールディングス,259
6630,ヤーマン,11800
6632,JVCケンウッド,329
6633,C＆Gシステムズ,484
6634,ネクスグループ,432
6635,大日光・エンジニアリング,790
6636,ソルガム・ジャパン・ホールディングス,212
6637,寺崎電気産業,1491
6638,ミマキエンジニアリング,871
6639,コンテック,1423
6640,第一精工,2628
6641,日新電機,1395
6643,戸上電機製作所,2383
6644,大崎電気工業,875
6645,オムロン,5790
6647,森尾電機,2433
6648,かわでん,2291
6651,日東工業,2005
6652,IDEC,2324
6653,正興電機製作所,698
6654,不二電機工業,1359
6655,東洋電機,995
6656,インスペック,1340
6658,シライ電子工業,347
6659,メディアリンクス,498
6662,ユビテック,488
6663,太洋工業,635
6664,オプトエレクトロニクス,762
6666,リバーエレテック,500
6668,アドテックプラズマテクノロジー,1777
6669,シーシーエス,3310
6670,MCJ,1216
6674,ジーエス・ユアサコーポレーション,598
6675,サクサホールディングス,2087
6676,メルコホールディングス,3550
6677,エスケーエレクトロニクス,1210
6678,テクノメディカ,1932
6694,ズーム,1934
6696,トランザス,2310
6701,日本電気,3035
6702,富士通,837.3
6703,沖電気工業,1503
6704,岩崎通信機,868
6706,電気興業,2923
6707,サンケン電気,617
6709,明星電気,106
6715,ナカヨ,1900
6716,テクニカル電子,2265
6718,アイホン,1839
6719,富士通コンポーネント,1090
6721,ウインテスト,174
6722,エイアンドティー,910
6723,ルネサスエレクトロニクス,1216
6724,セイコーエプソン,2721
6727,ワコム,528
6728,アルバック,6830
6730,アクセル,783
6731,ピクセラ,224
6734,ニューテック,1049
6736,サン電子,756
6737,EIZO,4400
6740,ジャパンディスプレイ,221
6741,日本信号,1218
6742,京三製作所,589
6743,大同信号,505
6744,能美防災,1770
6745,ホーチキ,2192
6747,KIホールディングス,272
6748,星和電機,442
6750,エレコム,2273
6752,パナソニック,1626.5
6753,シャープ,3400
6754,アンリツ,876
6755,富士通ゼネラル,2280
6756,日立国際電気,3050
6757,OSGコーポレーション,859
6758,ソニー,4120
6762,TDK,7600
6763,帝国通信工業,1146
6768,タムラ製作所,651
6769,ザインエレクトロニクス,1261
6770,アルプス電気,2876
6771,池上通信機,164
6772,東京コスモス電機,295
6773,パイオニア,212
6775,TBグループ,58
6776,天昇電気工業,278
6777,santec,1360
6778,アルチザネットワークス,842
6779,日本電波工業,852
6785,鈴木,963
6786,RVH,577
6787,メイコー,2148
6788,日本トリム,5070
6789,ローランドディー.ジー.,2886
6794,フォスター電機,2288
6796,クラリオン,442
6797,名古屋電機工業,508
6798,SMK,520
6800,ヨコオ,1463
6803,ティアック,44
6804,ホシデン,1836
6806,ヒロセ電機,16000
6807,日本航空電子工業,1762
6809,TOA,1198
6810,日立マクセル,2510
6814,古野電気,694
6815,ユニデンホールディングス,302
6816,アルパイン,1979
6817,スミダコーポレーション,2070
6819,伊豆シャボテンリゾート,114
6820,アイコム,2781
6822,大井電気,300
6823,リオン,2230
6824,新コスモス電機,1472
6826,本多通信工業,1805
6832,アオイ電子,5240
6834,精工技研,2013
6835,アライドテレシスホールディングス,58
6836,ぷらっとホーム,3100
6837,京写,500
6838,多摩川ホールディングス,115
6839,船井電機,897
6840,AKIBAホールディングス,351
6841,横河電機,1904
6844,新電元工業,7260
6845,アズビル,4695
6846,中央製作所,1684
6848,東亜ディーケーケー,729
6849,日本光電工業,2444
6850,チノー,1264
6852,テクノ・セブン,2094
6853,共和電業,446
6855,日本電子材料,673
6856,堀場製作所,6420
6857,アドバンテスト,2100
6858,小野測器,744
6859,エスペック,2279
6861,キーエンス,59130
6862,ミナトホールディングス,510
6863,ニレコ,871
6864,エヌエフ回路設計ブロック,2470
6866,日置電機,2359
6867,リーダー電子,464
6869,シスメックス,7260
6870,日本フェンオール,1630
6871,日本マイクロニクス,1035
6874,協立電機,2155
6875,メガチップス,3665
6877,OBARA　GROUP,6140
6879,イマジカ・ロボットホールディングス,839
6881,キョウデン,490
6882,三社電機製作所,1006
6888,アクモス,306
6889,オーデリック,5050
6890,フェローテックホールディングス,1882
6894,パルステック工業,2231
6895,ダイヤモンド電機,4840
6896,北川工業,1278
6897,ツインバード工業,764
6898,トミタ電機,2160
6899,ASTI,4920
6901,澤藤電機,2868
6902,デンソー,5747
6904,原田工業,856
6905,コーセル,1474
6907,ジオマテック,990
6908,イリソ電子工業,5910
6911,新日本無線,858
6912,菊水電子工業,1209
6914,オプテックスグループ,4250
6915,千代田インテグレ,2655
6916,アイ・オー・データ機器,1143
6918,アバールデータ,2035
6919,ケル,1306
6920,レーザーテック,2334
6923,スタンレー電気,3925
6924,岩崎電気,1940
6925,ウシオ電機,1505
6926,岡谷電機産業,571
6927,ヘリオステクノホールディング,748
6928,エノモト,1929
6929,日本セラミック,3125
6930,日本アンテナ,618
6932,遠藤照明,1376
6937,古河電池,1276
6938,双信電機,445
6941,山一電機,2095
6942,ソフィアホールディングス,2005
6943,NKKスイッチズ,5300
6944,アイレックス,296
6945,富士通フロンテック,2290
6946,日本アビオニクス,2920
6947,図研,1736
6951,日本電子,566
6952,カシオ計算機,1565
6954,ファナック,22825
6955,FDK,319
6957,芝浦電子,4495
6958,日本シイエムケイ,1130
6960,フクダ電子,8280
6961,エンプラス,5280
6962,大真空,1862
6963,ローム,9660
6964,サンコー,457
6965,浜松ホトニクス,3555
6966,三井ハイテック,2315
6967,新光電気工業,760
6969,松尾電機,908
6971,京セラ,6958
6972,エルナー,108
6973,協栄産業,2501
6976,太陽誘電,1652
6977,日本抵抗器製作所,1185
6981,村田製作所,16540
6982,リード,661
6985,ユーシン,808
6986,双葉電子工業,2141
6988,日東電工,9343
6989,北陸電気工業,1574
6993,大黒屋ホールディングス,81
6994,指月電機製作所,811
6995,東海理化電機製作所,2262
6996,ニチコン,1382
6997,日本ケミコン,3820
6998,日本タングステン,3210
6999,KOA,2087
7003,三井造船,1481
7004,日立造船,600
7011,三菱重工業,4433
7012,川崎重工業,3730
7013,IHI,3855
7014,名村造船所,664
7018,内海造船,1842
7021,ニッチツ,2150
7022,サノヤスホールディングス,289
7102,日本車輌製造,301
7105,ニチユ三菱フォークリフト,816
7122,近畿車輛,2605
7148,FPG,1248
7150,島根銀行,1325
7157,ライフネット生命保険,359
7161,じもとホールディングス,208
7162,アストマックス,407
7164,全国保証,4625
7167,めぶきフィナンシャルグループ,435
7169,ニュートン・フィナンシャル・コンサルティング,1970
7172,ジャパンインベストメントアドバイザー,2677
7173,東京TYフィナンシャルグループ,2864
7175,今村証券,1172
7177,GMOクリックホールディングス,715
7180,九州フィナンシャルグループ,689
7181,かんぽ生命保険,2410
7182,ゆうちょ銀行,1394
7183,あんしん保証,475
7184,富山第一銀行,535
7185,ヒロセ通商,1910
7186,コンコルディア・フィナンシャルグループ,557.6
7187,ジェイリース,1581
7189,西日本フィナンシャルホールディングス,1232
7190,マーキュリアインベストメント,1461
7191,イントラスト,1049
7192,日本モーゲージサービス,2158
7201,日産自動車,1115.5
7202,いすゞ自動車,1514
7203,トヨタ自動車,6769
7205,日野自動車,1384
7208,カネミツ,1335
7211,三菱自動車工業,899
7212,エフテック,1868
7213,レシップホールディングス,905
7214,GMB,1376
7215,ファルテック,1407
7217,テイン,554
7218,田中精密工業,812
7219,エッチ・ケー・エス,875
7220,武蔵精密工業,3520
7222,日産車体,1267
7224,新明和工業,1028
7226,極東開発工業,1886
7227,アスカ,887
7228,デイトナ,1096
7229,ユタカ技研,2499
7230,日信工業,2018
7231,トピー工業,3820
7235,東京ラヂエーター製造,1045
7236,ティラド,4415
7238,曙ブレーキ工業,385
7239,タチエス,2089
7240,NOK,2530
7241,フタバ産業,1263
7242,KYB,6800
7244,市光工業,725
7245,大同メタル工業,1010
7246,プレス工業,605
7247,ミクニ,558
7249,尾張精機,3200
7250,太平洋工業,1495
7251,ケーヒン,1934
7254,ユニバンス,321
7255,桜井製作所,591
7256,河西工業,1726
7259,アイシン精機,6010
7260,富士機工,737
7261,マツダ,1740
7264,ムロコーポレーション,1717
7265,エイケン工業,840
7266,今仙電機製作所,1406
7267,本田技研工業,3362
7268,タツミ,435
7269,スズキ,5954
7270,SUBARU,4083
7271,安永,3800
7272,ヤマハ発動機,3440
7273,イクヨ,1621
7274,ショーワ,1375
7276,小糸製作所,7550
7277,TBK,505
7278,エクセディ,3430
7279,ハイレックスコーポレーション,2961
7280,ミツバ,1766
7282,豊田合成,2685
7283,愛三工業,1094
7284,盟和産業,1279
7287,日本精機,2345
7291,日本プラスト,1235
7292,村上開明堂,2720
7294,ヨロズ,2389
7296,エフ・シー・シー,2523
7297,カーメイト,679
7298,八千代工業,1407
7299,フジオーゼックス,4740
7305,新家工業,2145
7308,ツノダ,4200
7309,シマノ,15290
7313,テイ・エステック,3805
7314,小田原機器,646
7315,IJTテクノロジーホールディングス,891
7399,ナンシン,641
7404,昭和飛行機工業,1270
7408,ジャムコ,2495
7412,アトム,845
7413,創健社,2000
7414,小野建,1900
7416,はるやまホールディングス,1009
7417,南陽,2120
7419,ノジマ,2278
7420,佐鳥電機,1003
7421,カッパ・クリエイト,1268
7422,東邦レマック,486
7425,初穂商事,3895
7426,山大,1511
7427,エコートレーディング,684
7433,伯東,1704
7434,オータケ,1725
7435,ナ・デックス,1048
7438,コンドーテック,1132
7441,Misumi,1895
7442,中山福,776
7443,横浜魚類,551
7444,ハリマ共和物産,1985
7445,ライトオン,956
7446,東北化学薬品,639
7447,ナガイレーベン,2861
7448,ジーンズメイト,770
7450,サンデー,1760
7451,三菱食品,3285
7453,良品計画,33250
7455,三城ホールディングス,483
7456,松田産業,1622
7458,第一興商,5320
7459,メディパルホールディングス,1973
7460,ヤギ,1906
7461,キムラ,497
7462,ダイヤ通商,836
7463,アドヴァン,977
7464,セフテック,5220
7465,マックスバリュ北海道,3210
7466,SPK,3190
7467,萩原電気,3160
7472,鳥羽洋行,2243
7475,アルビス,4330
7476,アズワン,6070
7477,ムラキ,1198
7480,スズデン,1402
7481,尾家産業,1314
7482,シモジマ,1158
7483,ドウシシャ,2485
7485,岡谷鋼機,9470
7486,サンリン,662
7487,小津産業,2131
7488,ヤガミ,1300
7490,日新商事,846
7494,コナカ,571
7500,西川計測,2449
7501,ティムコ,547
7502,プラザクリエイト,369
7504,高速,1207
7505,扶桑電通,2740
7506,ハウスオブローゼ,1565
7508,G-7ホールディングス,2228
7509,アイエーグループ,3515
7510,たけびし,1530
7512,イオン北海道,628
7513,コジマ,392
7514,ヒマラヤ,974
7515,マルヨシセンター,380
7516,コーナン商事,2115
7517,黒田電気,1953
7518,ネットワンシステムズ,1197
7519,五洋インテックス,629
7520,エコス,1159
7521,ムサシ,1992
7522,ワタミ,1517
7523,アールビバン,649
7524,マルシェ,822
7525,リックス,1742
7527,システムソフト,155
7531,清和中央ホールディングス,6000
7532,ドンキホーテホールディングス,4120
7533,グリーンクロス,2015
7537,丸文,846
7538,大水,251
7539,アイナボホールディングス,1133
7544,スリーエフ,353
7545,西松屋チェーン,1254
7550,ゼンショーホールディングス,2019
7551,ウェッズ,683
7552,ハピネット,1802
7554,幸楽苑ホールディングス,1770
7555,大田花き,785
7559,ジーエフシー,1401
7561,ハークスレイ,1162
7562,安楽亭,4740
7564,ワークマン,3300
7565,萬世電機,891
7567,栄電子,401
7570,橋本総業ホールディングス,1679
7571,ヤマノホールディングス,137
7575,日本ライフライン,5560
7577,パスポート,528
7578,ニチリョク,2320
7581,サイゼリヤ,3095
7585,かんなん丸,1878
7587,PALTEK,873
7590,タカショー,452
7591,エクセル,2114
7593,VTホールディングス,636
7594,マルカキカイ,1898
7595,アルゴグラフィックス,3565
7596,魚力,1194
7597,東京貴宝,2712
7599,IDOM,696
7600,日本エム・ディ・エム,1082
7601,ポプラ,604
7602,カーチスホールディングス,244
7603,マックハウス,886
7604,梅の花,2822
7605,フジ・コーポレーション,2141
7606,ユナイテッドアローズ,4040
7607,進和,2265
7608,エスケイジャパン,293
7609,ダイトロン,2067
7610,テイツー,54
7611,ハイデイ日高,3360
7612,Nuts,198
7613,シークス,4960
7614,オーエムツーネットワーク,1311
7615,京都きもの友禅,930
7616,コロワイド,2076
7618,ピーシーデポコーポレーション,882
7619,田中商事,754
7621,うかい,3095
7623,サンオータス,333
7624,NaITO,218
7625,グローバルダイニング,269
7628,オーハシテクニカ,1568
7630,壱番屋,4690
7634,星医療酸器,4195
7635,杉田エース,1070
7636,ハンズマン,1514
7637,白銅,2110
7638,ニューアート,29
7640,トップカルチャー,520
7643,ダイイチ,1336
7646,PLANT,1333
7647,音通,35
7648,トーカン,1900
7649,スギホールディングス,5980
7701,島津製作所,2240
7702,JMS,691
7703,川澄化学工業,765
7705,ジーエルサイエンス,1710
7707,プレシジョン・システム・サイエンス,581
7709,クボテック,561
7711,助川電気工業,708
7713,シグマ光機,1792
7715,長野計器,1196
7716,ナカニシ,5100
7717,ブイ・テクノロジー,18900
7718,スター精密,1982
7719,東京衡機,37
7721,東京計器,1562
7722,国際計測器,1198
7723,愛知時計電機,4040
7725,インターアクション,736
7726,黒田精工,2695
7727,オーバル,287
7729,東京精密,3995
7730,マニー,2685
7731,ニコン,1960
7732,トプコン,1958
7733,オリンパス,3850
7734,理研計器,2134
7735,SCREENホールディングス,7760
7739,キヤノン電子,2265
7740,タムロン,2165
7741,HOYA,6138
7743,シード,4365
7744,ノーリツ鋼機,1380
7745,エー・アンド・デイ,549
7746,岡本硝子,300
7747,朝日インテック,5780
7748,ホロン,658
7749,メディキット,5360
7751,キヤノン,3849
7752,リコー,1120
7758,セコニックホールディングス,1290
7760,IMV,707
7762,シチズン時計,772
7768,ジェコー,5790
7769,リズム時計工業,2395
7771,日本精密,160
7774,ジャパン・ティッシュ・エンジニアリング,1195
7775,大研医器,781
7776,セルシード,485
7777,スリー・ディー・マトリックス,681
7779,CYBERDYNE,1444
7780,メニコン,4485
7781,平山ホールディングス,1807
7782,シンシア,830
7809,壽屋,2797
7810,クロスフォー,1027
7811,中本パックス,3400
7812,クレステック,1446
7813,プラッツ,3235
7814,日本創発グループ,807
7815,東京ボード工業,1404
7816,スノーピーク,2852
7817,パラマウントベッドホールディングス,4865
7818,トランザクション,1029
7819,SHO-BI,506
7820,ニホンフラッシュ,1600
7821,前田工繊,1838
7822,永大産業,540
7823,アートネイチャー,712
7825,ダンロップスポーツ,1630
7826,フルヤ金属,3920
7827,オービス,1395
7829,サマンサタバサジャパンリミテッド,464
7831,ウイルコホールディングス,233
7832,バンダイナムコホールディングス,3915
7833,アイフィスジャパン,566
7834,マルマン,221
7836,アビックス,148
7837,アールシーコア,1152
7838,共立印刷,344
7839,SHOEI,3465
7840,フランスベッドホールディングス,1041
7841,遠藤製作所,649
7844,マーベラス,957
7846,パイロットコーポレーション,5380
7847,グラファイトデザイン,585
7849,スターツ出版,2206
7850,総合商研,803
7851,カワセコンピュータサプライ,333
7855,カーディナル,829
7856,萩原工業,3785
7857,セキ,1457
7859,アルメディオ,227
7860,エイベックス・グループ・ホールディングス,1524
7862,トッパン・フォームズ,1211
7863,平賀,483
7864,フジシールインターナショナル,3440
7865,ピープル,1865
7867,タカラトミー,1550
7868,廣済堂,377
7869,日本フォームサービス,288
7870,福島印刷,445
7871,フクビ化学工業,702
7872,As-meエステール,728
7873,アーク,109
7874,レック,2888
7875,竹田印刷,656
7877,永大化工,351
7878,光・彩,2572
7879,ノダ,1064
7883,サンメッセ,467
7885,タカノ,1176
7886,ヤマト・インダストリー,147
7887,南海プライウッド,6180
7888,三光合成,447
7889,桑山,601
7891,日本ユピカ,1236
7893,プロネクサス,1348
7894,丸東産業,3130
7895,中央化学,462
7896,セブン工業,2529
7897,ホクシン,212
7898,ウッドワン,1824
7899,MICS化学,373
7901,マツモト,303
7902,ソノコム,1095
7903,名古屋木材,1622
7905,大建工業,2841
7906,ヨネックス,847
7908,きもと,257
7911,凸版印刷,1111
7912,大日本印刷,2712
7913,図書印刷,1083
7914,共同印刷,3890
7915,日本写真印刷,3015
7916,光村印刷,2475
7917,藤森工業,3765
7918,ヴィア・ホールディングス,821
7919,野崎印刷紙業,167
7921,宝印刷,1684
7922,三光産業,488
7923,トーイン,621
7925,前澤化成工業,1217
7927,ムトー精工,1139
7928,旭化学工業,441
7931,未来工業,1736
7932,ニッピ,4120
7936,アシックス,1676
7937,ツツミ,1956
7938,リーガルコーポレーション,2910
7939,研創,442
7940,ウェーブロックホールディングス,1407
7942,JSP,3475
7943,ニチハ,4220
7945,コマニー,1551
7946,光陽社,1572
7947,エフピコ,5760
7949,小松ウオール工業,2013
7950,日本デコラックス,762
7951,ヤマハ,4110
7952,河合楽器製作所,2334
7953,菊水化学工業,495
7955,クリナップ,904
7956,ピジョン,3845
7957,フジコピアン,1800
7958,天馬,2278
7959,オリバー,1699
7961,兼松サステック,2433
7962,キングジム,1018
7963,興研,1932
7965,象印マホービン,1051
7966,リンテック,3080
7970,信越ポリマー,1020
7971,東リ,398
7972,イトーキ,935
7974,任天堂,41570
7975,リヒトラブ,2120
7976,三菱鉛筆,2841
7979,松風,1313
7980,重松製作所,798
7981,タカラスタンダード,1955
7983,ミロク,578
7984,コクヨ,1905
7985,ネポン,221
7986,日本アイ・エス・ケイ,186
7987,ナカバヤシ,660
7988,ニフコ,6870
7989,立川ブラインド工業,1232
7990,グローブライド,1954
7991,マミヤ・オーピー,1197
7992,セーラー万年筆,243
7994,岡村製作所,1273
7995,日本バルカー工業,2752
7997,くろがね工作所,1486
7999,MUTOHホールディングス,2594
8001,伊藤忠商事,1850.5
8002,丸紅,767.9
8005,スクロール,392
8006,ユアサ・フナショク,3280
8007,高島,2246
8008,ヨンドシーホールディングス,3215
8011,三陽商会,1719
8012,長瀬産業,1887
8013,ナイガイ,565
8014,蝶理,2101
8015,豊田通商,3690
8016,オンワードホールディングス,865
8018,三共生興,422
8020,兼松,1397
8022,美津濃,3225
8023,大興電子通信,930
8025,ツカモトコーポレーション,1251
8028,ユニー・ファミリーマートホールディングス,6080
8029,ルック,412
8030,中央魚類,2817
8031,三井物産,1664.5
8032,日本紙パルプ商事,4610
8035,東京エレクトロン,17155
8036,日立ハイテクノロジーズ,4125
8037,カメイ,1870
8038,東都水産,1950
8039,築地魚市場,1302
8040,東京ソワール,200
8041,OUGホールディングス,2843
8043,スターゼン,5470
8044,大都魚類,1235
8045,横浜丸魚,625
8046,丸藤シートパイル,3370
8050,セイコーホールディングス,2545
8051,山善,1210
8052,椿本興業,2875
8053,住友商事,1624
8056,日本ユニシス,1811
8057,内田洋行,3645
8058,三菱商事,2612
8059,第一実業,3265
8060,キヤノンマーケティングジャパン,2675
8061,西華産業,3010
8065,佐藤商事,1172
8066,三谷商事,4065
8068,菱洋エレクトロ,2007
8070,東京産業,502
8071,東海エレクトロニクス,3195
8072,日本出版貿易,1550
8074,ユアサ商事,3955
8075,神鋼商事,3980
8076,カノークス,1030
8077,小林産業,369
8078,阪和興業,3945
8079,正栄食品工業,4535
8081,カナデン,1182
8084,菱電商事,1697
8085,ナラサキ産業,341
8086,ニプロ,1552
8087,フルサト工業,1808
8088,岩谷産業,3435
8089,すてきナイスグループ,1563
8090,昭光通商,110
8091,ニチモウ,2009
8093,極東貿易,338
8095,イワキ,528
8096,兼松エレクトロニクス,3275
8097,三愛石油,1251
8098,稲畑産業,1495
8101,GSIクレオス,1863
8103,明和産業,479
8104,クワザワ,620
8105,堀田丸正,442
8107,キムラタン,62
8108,ヤマエ久野,1276
8111,ゴールドウイン,7830
8113,ユニ・チャーム,2569.5
8114,デサント,1557
8115,ムーンバット,924
8117,中央自動車工業,1794
8118,キング,487
8119,三栄コーポレーション,3935
8123,川辺,200
8125,ワキタ,1348
8127,ヤマトインターナショナル,461
8129,東邦ホールディングス,2149
8130,サンゲツ,1943
8131,ミツウロコグループホールディングス,850
8132,シナネンホールディングス,2364
8133,伊藤忠エネクス,1204
8135,ゼット,198
8136,サンリオ,2112
8137,サンワテクノス,2050
8138,三京化成,2770
8139,ナガホリ,235
8140,リョーサン,4490
8141,新光商事,1983
8142,トーホー,2685
8143,ラピーヌ,842
8144,電響社,1439
8145,中部水産,2622
8147,トミタ,1023
8148,上原成商事,3930
8150,三信電気,1686
8151,東陽テクニカ,1024
8152,ソマール,3360
8153,モスフードサービス,3510
8154,加賀電子,3360
8155,三益半導体工業,1855
8157,都築電気,949
8158,ソーダニッカ,585
8159,立花エレテック,1800
8160,木曽路,2735
8163,サトレストランシステムズ,923
8165,千趣会,698
8166,タカキュー,214
8167,リテールパートナーズ,1358
8168,ケーヨー,781
8171,マックスバリュ中部,1290
8173,上新電機,3875
8174,日本瓦斯,3540
8179,ロイヤルホールディングス,2819
8181,東天紅,2421
8182,いなげや,1863
8184,島忠,2921
8185,チヨダ,2825
8186,大塚家具,889
8190,ヤマナカ,918
8191,光製作所,4600
8194,ライフコーポレーション,2858
8198,マックスバリュ東海,2174
8200,リンガーハット,2540
8201,さが美,119
8202,ラオックス,502
8203,ミスターマックス・ホールディングス,538
8205,シャクリー・グローバル・グループ,9070
8207,テンアライド,414
8208,エンチョー,436
8209,フレンドリー,209
8214,AOKIホールディングス,1470
8215,銀座山形屋,1733
8217,オークワ,1167
8218,コメリ,3190
8219,青山商事,4000
8225,タカチホ,1730
8226,理経,214
8227,しまむら,13390
8228,マルイチ産商,1072
8230,はせがわ,503
8233,高島屋,1054
8237,松屋,1005
8242,エイチ・ツー・オーリテイリング,1999
8244,近鉄百貨店,3520
8247,大和,607
8249,テクノアソシエ,1280
8251,パルコ,1383
8252,丸井グループ,1598
8253,クレディセゾン,2236
8254,さいか屋,537
8255,アクシアルリテイリング,4350
8256,プロルート丸光,187
8257,山陽百貨店,1445
8260,井筒屋,490
8267,イオン,1663.5
8273,イズミ,5790
8274,東武ストア,3125
8275,フォーバル,714
8276,平和堂,2485
8278,フジ,2910
8279,ヤオコー,5220
8281,ゼビオホールディングス,2195
8282,ケーズホールディングス,2446
8283,PALTAC,4330
8285,三谷産業,413
8287,マックスバリュ西日本,1686
8289,Olympicグループ,600
8291,日産東京販売ホールディングス,424
8293,ATグループ,2731
8298,ファミリー,409
8301,日本銀行（優先出資証券）,37200
8303,新生銀行,1803
8304,あおぞら銀行,4250
8306,三菱UFJフィナンシャル・グループ,728.9
8308,りそなホールディングス,573.5
8309,三井住友トラスト・ホールディングス,4026
8316,三井住友フィナンシャルグループ,4310
8324,第四銀行,5310
8325,北越銀行,2572
8331,千葉銀行,804
8334,群馬銀行,701
8336,武蔵野銀行,3355
8337,千葉興業銀行,598
8338,筑波銀行,375
8341,七十七銀行,2796
8342,青森銀行,4025
8343,秋田銀行,3565
8344,山形銀行,2620
8345,岩手銀行,4485
8346,東邦銀行,424
8349,東北銀行,1520
8350,みちのく銀行,1933
8354,ふくおかフィナンシャルグループ,519
8355,静岡銀行,1012
8356,十六銀行,3735
8358,スルガ銀行,2419
8359,八十二銀行,710
8360,山梨中央銀行,476
8361,大垣共立銀行,3145
8362,福井銀行,2994
8363,北國銀行,4875
8364,清水銀行,3600
8365,富山銀行,4040
8366,滋賀銀行,625
8367,南都銀行,3165
8368,百五銀行,506
8369,京都銀行,5750
8370,紀陽銀行,1891
8374,三重銀行,2633
8377,ほくほくフィナンシャルグループ,1804
8379,広島銀行,912
8381,山陰合同銀行,977
8382,中国銀行,1548
8383,鳥取銀行,1720
8385,伊予銀行,908
8386,百十四銀行,391
8387,四国銀行,1745
8388,阿波銀行,743
8392,大分銀行,4705
8393,宮崎銀行,4080
8395,佐賀銀行,2723
8396,十八銀行,273
8397,沖縄銀行,4560
8398,筑邦銀行,2230
8399,琉球銀行,1739
8410,セブン銀行,401
8411,みずほフィナンシャルグループ,198.5
8416,高知銀行,1281
8418,山口フィナンシャルグループ,1318
8421,信金中央金庫（優先出資証券）,
8423,アクリーティブ,410
8424,芙蓉総合リース,7310
8425,興銀リース,3000
8439,東京センチュリー,5050
8462,フューチャーベンチャーキャピタル,1603
8473,SBIホールディングス,1663
8508,Jトラスト,964
8511,日本証券金融,605
8515,アイフル,369
8518,日本アジア投資,413
8519,ポケットカード,1064
8521,長野銀行,1992
8522,名古屋銀行,4410
8524,北洋銀行,354
8527,愛知銀行,6860
8529,第三銀行,1858
8530,中京銀行,2351
8537,大光銀行,2564
8540,福岡中央銀行,3645
8541,愛媛銀行,1447
8542,トマト銀行,1526
8543,みなと銀行,2036
8544,京葉銀行,519
8545,関西アーバン銀行,1412
8550,栃木銀行,479
8551,北日本銀行,3270
8554,南日本銀行,1582
8558,東和銀行,1213
8559,豊和銀行,75
8560,宮崎太陽銀行,1730
8562,福島銀行,930
8563,大東銀行,1737
8566,リコーリース,4205
8570,イオンフィナンシャルサービス,2340
8572,アコム,431
8584,ジャックス,2712
8585,オリエントコーポレーション,184
8586,日立キャピタル,2660
8589,アプラスフィナンシャル,110
8591,オリックス,1813.5
8593,三菱UFJリース,597
8594,中道リース,381
8595,ジャフコ,5700
8596,九州リースサービス,870
8600,トモニホールディングス,508
8601,大和証券グループ本社,636.4
8604,野村ホールディングス,630.4
8609,岡三証券グループ,645
8613,丸三証券,928
8614,東洋証券,269
8616,東海東京フィナンシャル・ホールディングス,654
8617,光世証券,1643
8622,水戸証券,341
8624,いちよし証券,1108
8628,松井証券,842
8630,SOMPOホールディングス,4399
8685,アメリカン・インターナショナル・グループ・インク,6930
8686,アフラック・インコーポレーテッド,9450
8692,だいこう証券ビジネス,692
8697,日本取引所グループ,1967
8698,マネックスグループ,304
8699,澤田ホールディングス,1003
8700,丸八証券,135
8703,カブドットコム証券,346
8704,トレイダーズホールディングス,166
8705,岡藤ホールディングス,166
8706,極東証券,1550
8707,岩井コスモホールディングス,1348
8708,藍澤證券,791
8709,インヴァスト証券,1242
8713,フィデアホールディングス,206
8714,池田泉州ホールディングス,433
8715,アニコムホールディングス,2838
8725,MS＆ADインシュアランスグループホールディングス,3615
8729,ソニーフィナンシャルホールディングス,1836
8732,マネーパートナーズグループ,469
8737,あかつき本社,448
8739,スパークス・グループ,209
8740,フジトミ,286
8742,小林洋行,285
8746,第一商品,222
8747,豊商事,362
8750,第一生命ホールディングス,2024.5
8766,東京海上ホールディングス,4442
8769,アドバンテッジリスクマネジメント,1120
8771,イー・ギャランティ,3065
8772,アサックス,1765
8783,GFA,741
8787,UCS,1487
8789,フィンテックグローバル,113
8793,NECキャピタルソリューション,2188
8795,T＆Dホールディングス,1597
8798,アドバンスクリエイト,1888
8801,三井不動産,2411.5
8802,三菱地所,1972
8803,平和不動産,1910
8804,東京建物,1439
8806,ダイビル,1240
8818,京阪神ビルディング,771
8830,住友不動産,3452
8835,太平洋興発,1013
8836,RISE,37
8840,大京,2229
8841,テーオーシー,998
8842,東京楽天地,5810
8844,コスモスイニシア,427
8848,レオパレス21,793
8850,スターツコーポレーション,2882
8851,アーバンライフ,968
8854,日住サービス,2500
8860,フジ住宅,821
8864,空港施設,598
8869,明和地所,924
8871,ゴールドクレスト,2659
8876,リログループ,2574
8877,日本エスリード,2186
8881,日神不動産,757
8885,ラ・アトレ,666
8886,ウッドフレンズ,2560
8887,リベレステ,901
8889,アパマンショップホールディングス,903
8890,レーサム,961
8891,エムジーホーム,956
8892,日本エスコン,498
8893,新日本建物,257
8894,原弘産,26
8897,タカラレーベン,550
8898,センチュリー21・ジャパン,1360
8903,サンウッド,571
8904,サンヨーハウジング名古屋,1082
8905,イオンモール,2038
8908,毎日コムネット,784
8909,シノケングループ,2515
8912,エリアクエスト,158
8914,エリアリンク,2502
8917,ファースト住建,1801
8918,ランド,17
8920,東祥,2755
8922,日本アセットマーケティング,124
8923,トーセイ,984
8925,アルデプロ,115
8927,明豊エンタープライズ,368
8928,穴吹興産,3000
8929,青山財産ネットワークス,1246
8931,和田興産,871
8933,エヌ・ティ・ティ都市開発,1121
8934,サンフロンティア不動産,1208
8935,エフ・ジェー・ネクスト,988
8938,LCホールディングス,1420
8940,インテリックス,924
8944,ランドビジネス,303
8945,日本社宅サービス,841
8946,ASIANSTAR,153
8995,誠建設工業,750
8996,ハウスフリーダム,504
8999,グランディハウス,444
9001,東武鉄道,3125
9003,相鉄ホールディングス,2735
9005,東京急行電鉄,1606
9006,京浜急行電鉄,2307
9007,小田急電鉄,2150
9008,京王電鉄,4685
9009,京成電鉄,3145
9010,富士急行,2513
9012,秩父鉄道,2513
9014,新京成電鉄,2153
9017,新潟交通,1973
9020,東日本旅客鉄道,10405
9021,西日本旅客鉄道,7855
9022,東海旅客鉄道,19965
9024,西武ホールディングス,1881
9025,鴻池運輸,1711
9027,ロジネットジャパン,2001
9028,ゼロ,1660
9029,ヒガシトゥエンティワン,374
9031,西日本鉄道,2740
9033,広島電鉄,1096
9034,南総通運,1103
9035,第一交通産業,894
9036,東部ネットワーク,1110
9037,ハマキョウレックス,3305
9039,サカイ引越センター,6000
9040,大宝運輸,3850
9041,近鉄グループホールディングス,4205
9042,阪急阪神ホールディングス,4305
9044,南海電気鉄道,2784
9045,京阪ホールディングス,3290
9046,神戸電鉄,4050
9048,名古屋鉄道,2446
9049,京福電気鉄道,2898
9051,センコン物流,707
9052,山陽電気鉄道,2846
9055,アルプス物流,852
9057,遠州トラック,1630
9058,トランコム,6350
9059,カンダホールディングス,975
9060,日本ロジテム,3145
9062,日本通運,7370
9063,岡山県貨物運送,289
9064,ヤマトホールディングス,2439
9065,山九,4750
9066,日新,2928
9067,丸運,317
9068,丸全昭和運輸,528
9069,センコーグループホールディングス,806
9070,トナミホールディングス,5540
9072,ニッコンホールディングス,2769
9073,京極運輸商事,423
9074,日本石油輸送,3085
9075,福山通運,3600
9076,セイノーホールディングス,1566
9077,名鉄運輸,2460
9078,エスライン,1114
9081,神奈川中央交通,3695
9082,大和自動車交通,1002
9083,神姫バス,4240
9085,北海道中央バス,5410
9086,日立物流,2602
9087,タカセ,1974
9090,丸和運輸機関,2661
9099,C＆Fロジホールディングス,1417
9101,日本郵船,2370
9104,商船三井,3415
9107,川崎汽船,2978
9110,NSユナイテッド海運,2499
9115,明治海運,429
9119,飯野海運,527
9127,玉井商船,103
9130,共栄タンカー,2274
9133,東栄リーファーライン,414
9142,九州旅客鉄道,3360
9171,栗林商船,490
9173,東海汽船,2094
9176,佐渡汽船,250
9179,川崎近海汽船,3385
9193,東京汽船,770
9201,日本航空,3809
9202,ANAホールディングス,4228
9206,スターフライヤー,4100
9232,パスコ,347
9233,アジア航測,890
9301,三菱倉庫,2819
9302,三井倉庫ホールディングス,335
9303,住友倉庫,756
9304,澁澤倉庫,2035
9305,ヤマタネ,1883
9306,東陽倉庫,316
9307,杉村倉庫,580
9308,乾汽船,750
9310,日本トランスシティ,483
9311,アサガミ,4520
9312,ケイヒン,1669
9313,丸八倉庫,868
9318,アジア開発キャピタル,14
9319,中央倉庫,1202
9322,川西倉庫,2430
9324,安田倉庫,925
9325,ファイズ,2885
9351,東洋埠頭,1966
9353,櫻島埠頭,254
9355,リンコーコーポレーション,1845
9357,名港海運,1160
9358,宇徳,509
9359,伊勢湾海運,651
9360,鈴与シンワート,910
9361,伏木海陸運送,1392
9362,兵機海運,1762
9363,大運,463
9364,上組,2617
9365,トレーディア,1560
9366,サンリツ,779
9367,大東港運,442
9368,キムラユニティー,1181
9369,キユーソー流通システム,3335
9370,郵船ロジスティクス,1055
9375,近鉄エクスプレス,1840
9376,ユーラシア旅行社,562
9377,エージーピー,850
9380,東海運,418
9381,エーアイテイー,1159
9384,内外トランスライン,1708
9385,ショーエイコーポレーション,519
9386,日本コンセプト,1216
9399,新華ホールディングス,
9401,東京放送ホールディングス,2097
9402,中部日本放送,826
9404,日本テレビホールディングス,1990
9405,朝日放送,887
9407,RKB毎日放送,5110
9408,新潟放送,907
9409,テレビ朝日ホールディングス,2225
9412,スカパーJSATホールディングス,501
9413,テレビ東京ホールディングス,2353
9414,日本BS放送,1273
9416,ビジョン,2515
9417,スマートバリュー,2309
9418,U-NEXT,1029
9419,ワイヤレスゲート,1309
9421,エヌジェイホールディングス,3750
9422,コネクシオ,1944
9423,フォーバル・リアルストレート,112
9424,日本通信,141
9425,日本テレホン,428
9428,クロップス,1537
9432,日本電信電話,5140
9433,KDDI,2956
9435,光通信,13830
9436,沖縄セルラー電話,3975
9437,NTTドコモ,2565.5
9438,エムティーアイ,685
9439,エム・エイチ・グループ,271
9441,ベルパーク,3200
9444,トーシン,647
9445,フォーバルテレコム,398
9446,エスケーアイ,666
9449,GMOインターネット,1365
9466,アイドママーケティングコミュニケーション,682
9467,アルファポリス,1121
9468,カドカワ,1373
9470,学研ホールディングス,3220
9471,文溪堂,930
9474,ゼンリン,3365
9475,昭文社,723
9476,中央経済社ホールディングス,499
9478,SEホールディングス・アンド・インキュベーションズ,256
9479,インプレスホールディングス,155
9501,東京電力ホールディングス,456
9502,中部電力,1395
9503,関西電力,1463
9504,中国電力,1196
9505,北陸電力,947
9506,東北電力,1436
9507,四国電力,1314
9508,九州電力,1205
9509,北海道電力,802
9511,沖縄電力,2395
9513,電源開発,2818
9514,エフオン,1377
9517,イーレックス,1035
9519,レノバ,1201
9531,東京瓦斯,2844
9532,大阪瓦斯,2123
9533,東邦瓦斯,3355
9534,北海道瓦斯,283
9535,広島ガス,358
9536,西部瓦斯,2820
9537,北陸瓦斯,2835
9539,京葉瓦斯,557
9543,静岡ガス,901
9551,メタウォーター,3150
9600,アイネット,1568
9601,松竹,16050
9602,東宝,3970
9603,エイチ・アイ・エス,3545
9605,東映,12350
9610,ウィルソン・ラーニングワールドワイド,353
9612,ラックランド,2143
9613,エヌ・ティ・ティ・データ,1204
9616,共立メンテナンス,3305
9619,イチネンホールディングス,1581
9621,建設技術研究所,1047
9622,スペース,1681
9624,長大,911
9625,セレスポ,1371
9627,アインホールディングス,7760
9628,燦ホールディングス,2748
9629,ピー・シー・エー,1645
9631,東急レクリエーション,856
9632,スバル興業,6730
9633,東京テアトル,1486
9635,武蔵野興業,2760
9636,きんえい,3275
9637,オーエス,3460
9639,三協フロンテア,2797
9640,セゾン情報システムズ,1622
9641,サコス,360
9643,中日本興業,10190
9644,タナベ経営,1399
9647,協和コンサルタンツ,2024
9651,日本プロセス,1364
9656,グリーンランドリゾート,433
9658,ビジネスブレイン太田昭和,1455
9661,歌舞伎座,5480
9663,ナガワ,4300
9664,御園座,680
9671,よみうりランド,4765
9672,東京都競馬,3435
9674,花月園観光,965
9675,常磐興産,1815
9678,カナモト,3545
9679,ホウライ,2298
9681,東京ドーム,1042
9682,DTS,3120
9684,スクウェア・エニックス・ホールディングス,4225
9685,KYCOMホールディングス,325
9686,東洋テック,1156
9687,KSK,1517
9691,両毛システムズ,1275
9692,シーイーシー,2705
9695,鴨川グランドホテル,341
9696,ウィザス,430
9697,カプコン,2699
9698,クレオ,531
9699,西尾レントオール,3755
9701,東京會舘,3495
9702,アイ・エス・ビー,1354
9704,アゴーラ・ホスピタリティー・グループ,35
9706,日本空港ビルデング,3970
9707,ユニマットリタイアメント・コミュニティ,1276
9708,帝国ホテル,2070
9709,NCS＆A,443
9713,ロイヤルホテル,1987
9715,トランス・コスモス,2605
9716,乃村工藝社,2380
9717,ジャステック,1363
9719,SCSK,4740
9720,ホテル、ニューグランド,2999
9722,藤田観光,3585
9723,京都ホテル,781
9726,KNT-CTホールディングス,2114
9728,日本管財,1995
9729,トーカイ,4985
9731,白洋舎,3505
9733,ナガセ,4540
9734,精養軒,915
9735,セコム,8219
9739,日本システムウエア,2142
9740,セントラル警備保障,2107
9742,アイネス,1042
9743,丹青社,1367
9744,メイテック,5610
9746,TKC,3420
9747,アサツーディ・ケイ,3185
9749,富士ソフト,3285
9753,アイエックス・ナレッジ,400
9755,応用地質,1754
9757,船井総研ホールディングス,3470
9758,ジャパンシステム,464
9759,NSD,2096
9760,進学会,557
9761,東海リース,2131
9763,丸紅建材リース,222
9764,技研興業,456
9765,オオバ,522
9766,コナミホールディングス,5420
9767,日建工学,179
9768,いであ,1089
9769,学究社,1538
9776,札幌臨床検査センター,1515
9778,昴,4295
9780,ハリマビステム,2600
9782,ディーエムエス,1238
9783,ベネッセホールディングス,3995
9787,イオンディライト,4195
9788,ナック,974
9790,福井コンピュータホールディングス,2821
9791,ビケンテクノ,780
9792,ニチイ学館,1161
9793,ダイセキ,2857
9795,ステップ,1471
9797,大日本コンサルタント,505
9799,旭情報サービス,1032
9810,日鉄住金物産,6180
9812,テーオーホールディングス,946
9816,ストライダーズ,581
9818,大丸エナウィン,820
9820,エムティジェネックス,2200
9823,マミーマート,2379
9824,泉州電業,2489
9826,JEUGIA,1526
9827,リリカラ,154
9828,元気寿司,2562
9829,ながの東急百貨店,205
9830,トラスコ中山,2757
9831,ヤマダ電機,609
9832,オートバックスセブン,1804
9835,ジュンテンドー,628
9836,リーバイ・ストラウスジャパン,308
9837,モリト,1057
9842,アークランドサカモト,1695
9843,ニトリホールディングス,16430
9845,パーカーコーポレーション,666
9846,天満屋ストア,1121
9849,共同紙販ホールディングス,408
9850,グルメ杵屋,1117
9852,CBグループマネジメント,3745
9853,銀座ルノアール,898
9854,愛眼,274
9856,ケーユーホールディングス,948
9857,英和,870
9861,吉野家ホールディングス,1855
9867,ソレキア,3800
9869,加藤産業,3335
9872,北恵,848
9873,日本KFCホールディングス,2006
9876,コックス,262
9878,セキド,86
9880,イノテック,940
9882,イエローハット,3185
9885,シャルレ,495
9887,松屋フーズ,4270
9888,UEX,681
9889,JBCCホールディングス,1084
9890,マキヤ,658
9895,コンセック,256
9896,JKホールディングス,834
9899,ジョリーパスタ,1616
9900,サガミチェーン,1379
9902,日伝,2337
9903,カンセキ,784
9904,ベリテ,200
9906,藤井産業,1540
9908,日本電計,1725
9909,愛光電気,1456
9913,日邦産業,394
9914,植松商会,434
9919,関西スーパーマーケット,1424
9924,ドミー,504
9927,ワットマン,152
9928,ミロク情報サービス,2617
9929,平和紙業,490
9930,北沢産業,215
9932,杉本商事,1684
9934,因幡電機産業,4660
9936,王将フードサービス,4480
9941,太洋物産,954
9942,ジョイフル,1207
9943,ココスジャパン,2257
9945,プレナス,2496
9946,ミニストップ,2211
9948,アークス,2548
9950,ハチバン,3410
9955,ヨンキュウ,1399
9956,バローホールディングス,2400
9957,バイテックホールディングス,1747
9959,アシードホールディングス,710
9960,東テク,2008
9962,ミスミグループ本社,2918
9964,アイ・テック,1501
9966,藤久,1739
9967,堺商事,1949
9969,ショクブン,456
9972,アルテック,237
9973,小僧寿し,85
9974,ベルク,5680
9976,セキチュー,691
9977,アオキスーパー,1300
9978,文教堂グループホールディングス,547
9979,大庄,1695
9980,マルコ,394
9982,タキヒヨー,2344
9983,ファーストリテイリング,33140
9984,ソフトバンクグループ,9115
9986,蔵王産業,1588
9987,スズケン,4065
9989,サンドラッグ,4670
9990,サックスバーホールディングス,1433
9991,ジェコス,1213
9992,理研グリーン,354
9993,ヤマザワ,1755
9994,やまや,1660
9995,ルネサスイーストン,669
9996,サトー商会,1344
9997,ベルーナ,1152